id,entity_name,league,team,type_display,line
prop_6912dcebc2c03c7a219fa88aa54de4d9,Pascal Siakam,nba,IND,Pts+Reb+Asts,38.5
prop_69139d0ba66c9433a97911fd5149c214,Lauri Markkanen,nba,UTA,Pts+Reb+Asts,33.5
prop_6913e5fdeb91504b41f07536d1c22e07,Pascal Siakam,nba,IND,Pts+Reb,32.5
prop_6913cfd7bbc479ba3445e93ba3c641cc,Lauri Markkanen,nba,UTA,Pts+Reb,31.5
prop_6913dff0109150261890bf8d82316cb2,Pascal Siakam,nba,IND,Pts+Asts,30.5
prop_691399f464419c80e56df847586134ee,Keyonte George,nba,UTA,Pts+Reb+Asts,30.5
prop_6913def112b0716c30d56835f21578c2,Andrew Nembhard,nba,IND,Pts+Reb+Asts,26.5
prop_69136b1f1308d223297168e76c141d09,Lauri Markkanen,nba,UTA,Pts+Asts,27.5
prop_6912dcebee4003d0da10479a55f1fa05,Pascal Siakam,nba,IND,Points,25.5
prop_6913e3ff92340f3e35b397fb60e7b2a1,Keyonte George,nba,UTA,Pts+Asts,26.5
prop_6913e0fd29b93a9d4467563b7e0f8e0d,Andrew Nembhard,nba,IND,Pts+Asts,23.5
prop_691398e13a874f45478903ecd51231db,Lauri Markkanen,nba,UTA,Points,25.5
prop_6913d98a2399fb9601f2beed8ce22995,Aaron Nesmith,nba,IND,Pts+Reb+Asts,22.5
prop_6913a314588548847d19ccdd1f65fbf9,Jusuf Nurkić,nba,UTA,Pts+Reb+Asts,25.5
prop_6912dceb6005bf1b646e67e394d7a923,Aaron Nesmith,nba,IND,Pts+Reb,21.5
prop_69133045ad773191d9c2208eef97c65e,Keyonte George,nba,UTA,Pts+Reb,24.5
prop_6913b881bfc76b0b61664bb8133b3c07,Andrew Nembhard,nba,IND,Pts+Reb,18.5
prop_691376af401874494c23d6896effba43,Jusuf Nurkić,nba,UTA,Pts+Reb,21.5
prop_691336bd3ea4f87011caa6c0d40925f7,Aaron Nesmith,nba,IND,Pts+Asts,18.5
prop_6913aa50df9d5a1febbdd88213949366,Keyonte George,nba,UTA,Points,20.5
prop_6913d31506ac7688bb076271ab115b9f,Aaron Nesmith,nba,IND,Points,16.5
prop_6913e4f4aeb6436aafc8e02a8772b409,Kyle Filipowski,nba,UTA,Pts+Reb+Asts,18.5
prop_6913cfd7efb727c65ef6fed840903247,T.J. McConnell,nba,IND,Pts+Reb+Asts,15.5
prop_6913e70154fd9cc2736eff17626e693a,Ace Bailey,nba,UTA,Pts+Reb+Asts,18.5
prop_6913d98a5ad7c5ffb214840622cabd38,Andrew Nembhard,nba,IND,Points,15.5
prop_6913c4f21f6c4a4c8c9ed4ac2416be3a,Kyle Filipowski,nba,UTA,Pts+Reb,16.5
prop_6913e80ff8e9073a665441a7e43057c3,Tony Bradley,nba,IND,Pts+Reb+Asts,14.5
prop_69139e3169a700ff389914835a7f52a9,Ace Bailey,nba,UTA,Pts+Reb,16.5
prop_6913e5fd88bbca4effbe84dec671c477,T.J. McConnell,nba,IND,Pts+Asts,12.5
prop_6913a7963e84084f18b78c85a2e62a34,Jusuf Nurkić,nba,UTA,Pts+Asts,14.5
prop_6913b3c753a6c5bbc92f2405402b809c,Jusuf Nurkić,nba,UTA,Asts+Reb,14.5
prop_6913b5d90e5d0271756694839ea92317,Isaiah Collier,nba,UTA,Pts+Reb+Asts,13.5
prop_69139e311ef696d2af1438a36ffcd24c,Ace Bailey,nba,UTA,Pts+Asts,13.5
prop_6913d55547b7dacfc24a63d1872102f8,Svi Mykhailiuk,nba,UTA,Pts+Reb+Asts,13.5
prop_6913e4a4a136cfcd64e3699617338665,Dug McDaniel,ncaab,MEM,Pts+Reb+Asts,22.5
prop_6913d75cbf505585331af400f6adf6ed,Malik Dia,ncaab,MISS,Points,14.5
prop_691381067d1df3a0c296b5493451ac1f,Sincere Parker,ncaab,MEM,Pts+Reb+Asts,19.5
prop_6913810615aeb5cd7c4070abc0e3732a,Dug McDaniel,ncaab,MEM,Pts+Asts,19.5
prop_6913810611d0089876a95f742943507e,Sincere Parker,ncaab,MEM,Pts+Reb,18.5
prop_69138106ab376d688aff84fc347f9b12,Dug McDaniel,ncaab,MEM,Pts+Reb,16.5
prop_69138106e67b69294eeca5c9ce1f0c34,Sincere Parker,ncaab,MEM,Pts+Asts,14.5
prop_691381069faa4e9d59a3b0f923471072,Aaron Bradshaw,ncaab,MEM,Pts+Reb+Asts,13.5
prop_6913e5bc7cc694a798a5fb7b40fe66fe,Sincere Parker,ncaab,MEM,Points,13.5
prop_6913d1df4566e66b14dccada22eff77f,Thijs De Ridder,ncaab,UVA,Pts+Reb+Asts,21.5
prop_6913d1df65540d324bb538d1545f2773,Thijs De Ridder,ncaab,UVA,Pts+Reb,20.5
prop_6913d1df80b4561c9f9618c7b0373185,Malik Thomas,ncaab,UVA,Pts+Reb+Asts,19.5
prop_6913d1df18510078b431dde06c6a00c3,Malik Thomas,ncaab,UVA,Pts+Reb,16.5
prop_6913d1df5f8342ac5da5a2d5ccb56f42,Thijs De Ridder,ncaab,UVA,Pts+Asts,15.5
prop_6913d1df478463e811bb8faf7e862fcc,Malik Thomas,ncaab,UVA,Pts+Asts,15.5
prop_6913d1df5ca9ebb56e8928d619f10722,Thijs De Ridder,ncaab,UVA,Points,14.5
prop_6912dceb4eb3f34f51d1b2d50d7e4a09,Pascal Siakam,nba,IND,Asts+Reb,12.5
prop_691345cb3d47b7ad679ff9e23d8c711f,Svi Mykhailiuk,nba,UTA,Pts+Asts,11.5
prop_6913d672438d3dd6971f70972b347bf6,T.J. McConnell,nba,IND,Pts+Reb,10.5
prop_6913b21d55455fae4765bea64c4d21f9,Isaiah Collier,nba,UTA,Pts+Asts,11.5
prop_6913e3ff99964eebd288f6ba11fc88a1,Ben Sheppard,nba,IND,Pts+Reb,9.5
prop_6913ac67392e27fceb813409c9157ee2,Kyle Filipowski,nba,UTA,Pts+Asts,11.5
prop_6913cd2f4c73216887043c624dba9de5,Andrew Nembhard,nba,IND,Asts+Reb,9.5
prop_69139e3176404c4318d90ce77c385c18,Ace Bailey,nba,UTA,Points,11.5
prop_6913b10a96f895d4703473c7c347e02f,T.J. McConnell,nba,IND,Points,8.5
prop_691347dd288a8f5da96620d37c42d0d8,Svi Mykhailiuk,nba,UTA,Pts+Reb,11.5
prop_6913e80ff6a38702141d75923ec867ef,Jay Huff,nba,IND,Pts+Reb,8.5
prop_6913e5fdd288d3854e11bf95ff3381d0,Jusuf Nurkić,nba,UTA,Rebounds,10.5
prop_6913e70130c232fba29b6b6b1abf286e,Ben Sheppard,nba,IND,Pts+Asts,7.5
prop_691348d3ebb493279f7d6977268949c4,Jusuf Nurkić,nba,UTA,Points,10.5
prop_6913e80f7dd748ab42b77637f9f702a8,Tony Bradley,nba,IND,Asts+Reb,7.5
prop_6913cc309b48f9d395ec2801f48d3d71,Walter Clayton Jr.,nba,UTA,Pts+Reb+Asts,10.5
prop_6913dd7e6c3f69ac612b90294c0525ac,Pascal Siakam,nba,IND,Rebounds,6.5
prop_6913affc3d104d51cb4123ed97ea682c,Kyle Filipowski,nba,UTA,Points,9.5
prop_6913e80f79355bc537ac93663de5bafb,Tony Bradley,nba,IND,Points,6.5
prop_6912dcebe517d2a387dd81928b1814f4,Keyonte George,nba,UTA,Asts+Reb,9.5
prop_6913e701a4e4d248cdaa096815a9aab3,Jay Huff,nba,IND,Points,5.5
prop_6913db8fc7b56c1681056c35dd9825ec,Isaiah Collier,nba,UTA,Pts+Reb,9.5
prop_691345cb0685320b7a18b56338454bd2,Aaron Nesmith,nba,IND,Asts+Reb,5.5
prop_6913b5d9a71752a58a2f70cdf9bd64fa,Kyle Filipowski,nba,UTA,Asts+Reb,8.5
prop_6913e80f3b31c69ba8de01cd7f31d136,Jay Huff,nba,IND,Pts+Asts,5.5
prop_69135bf17e0392c0f0dd06e93107e40b,Svi Mykhailiuk,nba,UTA,Points,8.5
prop_6913e701196641e7419c3e14ce1202cd,Ben Sheppard,nba,IND,Points,5.5
prop_6913e3ff2c73c9c4d95c5991d5c3989e,Walter Clayton Jr.,nba,UTA,Pts+Asts,8.5
prop_691354b7aa8c3a8a146e14cc20776d22,T.J. McConnell,nba,IND,Assists,4.5
prop_6913a8d1931d1f564276bd57a1977d8d,Isaiah Collier,nba,UTA,Points,7.5
prop_6913c790e6c27f72cf7a0295671996a7,Aaron Nesmith,nba,IND,Rebounds,4.5
prop_6913ce3d083bf1387222aa91f4364a4b,Kyle Filipowski,nba,UTA,Rebounds,6.5
prop_6913a685bea2163e392b981008f1f67b,Andrew Nembhard,nba,IND,Rebounds,2.5
prop_69139742ddceaf7506a6f6446e45894e,Lauri Markkanen,nba,UTA,Rebounds,6.5
prop_691332a45526ab31b61a15e611076412,Pascal Siakam,nba,IND,Stls+Blks,1.5
prop_6913cc301587d26d24ad8ed1eb856ae2,Walter Clayton Jr.,nba,UTA,Points,5.5
prop_6912df5f6ac5a14077aeb05dfcfab684,Pascal Siakam,nba,IND,3-PT Made,1.5
prop_69139e319a3a2467306de4ad2fe89228,Ace Bailey,nba,UTA,Rebounds,5.5
prop_6913b10adc3c8e7b2f7e29ab5c9e077a,Isaiah Collier,nba,UTA,Assists,4.5
prop_6912dceb694d5a8dac64e53a8ae5f619,Keyonte George,nba,UTA,Rebounds,3.5
prop_6912dcebe3168f42f1a5b387442950d7,Svi Mykhailiuk,nba,UTA,Rebounds,2.5
prop_6913e4f4bf4fcba807332a12a8205bad,Jusuf Nurkić,nba,UTA,3-PT Made,0.5
prop_69136c318c2db4279d8988ab2f304ffb,Isaiah Collier,nba,UTA,Steals,0.5
prop_69138106bddccbd6909a2354e1d6feab,Dug McDaniel,ncaab,MEM,Points,12.5
prop_691381064b9587cf7962c5ea71c727b1,Aaron Bradshaw,ncaab,MEM,Points,8.5
prop_69138106946b9b3d55ad193277ba365c,Sincere Parker,ncaab,MEM,Rebounds,4.5
prop_691381066c7d395f2fcdc24806d8c3bc,Dug McDaniel,ncaab,MEM,Steals,1.5
prop_691381066a5c38d94df8750cc6a82b42,Sincere Parker,ncaab,MEM,Turnovers,1.5
prop_6913d86c07de9b3a0c5d739736078cf7,Malik Thomas,ncaab,UVA,Points,12.5
prop_6913d1dfbc9e18dd0e45e035f666a52b,Malik Thomas,ncaab,UVA,3-PT Made,1.5
prop_691381061c3b7d75e48c094073711bf7,Aaron Bradshaw,ncaab,MEM,Steals,0.5
prop_6913810656111784a33ee2a44a45fed8,Aaron Bradshaw,ncaab,MEM,3-PT Made,0.5
prop_6913d1dfa7d309a81b1bd6bde9fe322e,Thijs De Ridder,ncaab,UVA,3-PT Made,0.5
prop_6913d1dfb92db43c2f3182337916150f,Thijs De Ridder,ncaab,UVA,Steals,0.5
prop_6912bf2b079a9a46822a8f88e5b70463,Valeri Nichushkin,nhl,COL,Shots on Goal,2.5
prop_6913b3c2b2d76c0317fbdd795a5b9d03,Jacob Trouba,nhl,ANA,Shots on Goal,1.5
prop_6912bf2b18b572e1fb4be2f8df4a8f2d,Martin Necas,nhl,COL,Shots on Goal,2.5
prop_691399db17f0b6f7524ca8747f00c643,Olen Zellweger,nhl,ANA,Shots on Goal,1.5
prop_6913c677f9a4065144e83a8a40247a33,Brent Burns,nhl,COL,Shots on Goal,1.5
prop_69131baae084058e6569751082f931e8,Jackson LaCombe,nhl,ANA,Shots on Goal,1.5
prop_69131eb14727ff857796b21c86a00825,Devon Toews,nhl,COL,Shots on Goal,1.5
prop_691304f3a142394bd73d8d173126a29f,Chris Kreider,nhl,ANA,Points,0.5
prop_6913a93ffd019ec07711c889620f4efd,Nathan MacKinnon,nhl,COL,Points,1.5
prop_6912bf2b2d5e0060f3624f532f03221f,Victor Olofsson,nhl,COL,Points,0.5
prop_6912a7de85a0313bd717f04461b9a067,Nathan MacKinnon,nhl,COL,,0.5
prop_6912bf2b0fe93e10253c2da47489ba8a,Martin Necas,nhl,COL,Assists,0.5
prop_691389cdb811267e4aa1c89698a8c680,Graham Ike,ncaab,GONZ,Pts+Reb+Asts,30.5
prop_6913e4a47d166b99831f0cf28dc55883,Nik Graves,ncaab,CREI,Pts+Reb+Asts,20.5
prop_6913810601cd4ac2859f453830878556,Graham Ike,ncaab,GONZ,Pts+Reb,27.5
prop_6913e4a48d8e2efe61a40b2b3cf392d5,Josh Dix,ncaab,CREI,Pts+Reb+Asts,18.5
prop_6913e4a4c420ed1b63205d8eed8cd5a7,Braden Huff,ncaab,GONZ,Pts+Reb+Asts,22.5
prop_6913e4a42ef5b012d26b5476985ba7d8,Nik Graves,ncaab,CREI,Pts+Reb,17.5
prop_6913e4a40f0a5ed01dcc891738063e58,Graham Ike,ncaab,GONZ,Pts+Asts,20.5
prop_6913e4a44fcd0eb6e644ccb1a85f0979,Nik Graves,ncaab,CREI,Pts+Asts,16.5
prop_6913e4a4f3a82428b8401d6395c6342a,Braden Huff,ncaab,GONZ,Pts+Reb,20.5
prop_6913d5134345ccf81e6e31e633ebcbac,Josh Dix,ncaab,CREI,Pts+Reb,16.5
prop_6913c5a0fb589f6e530eb9b13c7adca3,Graham Ike,ncaab,GONZ,Points,19.5
prop_6913d02730bc6c1daebcc6989e3d7dee,Jackson McAndrew,ncaab,CREI,Pts+Reb+Asts,15.5
prop_6913e4a4995808dc237c6454e135ebd9,Braden Huff,ncaab,GONZ,Pts+Asts,16.5
prop_69138106ce6db91eb92abbdbce5fccc8,Jackson McAndrew,ncaab,CREI,Pts+Reb,15.5
prop_6913e094a64e1adc6dc9681030941d67,Adam Miller,ncaab,GONZ,Pts+Reb+Asts,15.5
prop_6913e4a47e415562ac15b20e9fc6d526,Josh Dix,ncaab,CREI,Pts+Asts,14.5
prop_6913d2e8d6c4db7d848efb0831cc4cca,Braden Huff,ncaab,GONZ,Points,15.5
prop_6913c87f9126b2ed37f8eb4c69c9f5b8,Nik Graves,ncaab,CREI,Points,13.5
prop_69138106563601f542763b81b0357e97,Adam Miller,ncaab,GONZ,Pts+Reb,14.5
prop_6913e4a43c3c488e04fec18cbfdcb80a,Josh Dix,ncaab,CREI,Points,12.5
prop_6913e4a4ad4b0de71c6fe0a6833bc768,Jasen Green,ncaab,CREI,Pts+Reb+Asts,11.5
prop_6913810620e2bd391354c46f8c1614b0,Jackson McAndrew,ncaab,CREI,Points,10.5
prop_69138c7bc183381e6cefca50260ac4ce,Paulius Murauskas,ncaab,SMC,Pts+Reb+Asts,28.5
prop_69138c7b5153546852e464dfafad423d,Paulius Murauskas,ncaab,SMC,Pts+Reb,25.5
prop_69138c7b84b55cb2a2623f41f30bc92e,Mikey Lewis,ncaab,SMC,Pts+Reb+Asts,23.5
prop_6913e1c55daab62653c6b1dc26a2e438,Mikey Lewis,ncaab,SMC,Pts+Reb,20.5
prop_69138c7b1d79ce485b509286aa4c9a3c,Mikey Lewis,ncaab,SMC,Pts+Asts,19.5
prop_69138c7bb8ce7de2e0d372b9e0313de8,Joshua Dent,ncaab,SMC,Pts+Reb+Asts,19.5
prop_69138b73727baabdec843093ef3625f4,Paulius Murauskas,ncaab,SMC,Pts+Asts,19.5
prop_69138b73d4ba2c17182ea65480815146,Mikey Lewis,ncaab,SMC,Points,17.5
prop_69138b73ba4f7bcff4be8cf929b06a4c,Paulius Murauskas,ncaab,SMC,Points,16.5
prop_69138b73099d4686880ed5976edf913b,Joshua Dent,ncaab,SMC,Pts+Asts,15.5
prop_69138c7b3e878039a0cd3810afbef7e0,Joshua Dent,ncaab,SMC,Pts+Reb,15.5
prop_69138b73029c4096eadbd30ef2e15a29,Joshua Dent,ncaab,SMC,Points,11.5
prop_6913c5a06054b12e9b9c437792bfa479,Adam Miller,ncaab,GONZ,Points,9.5
prop_691381063834387288567b292b6577da,Jasen Green,ncaab,CREI,Points,6.5
prop_691381068310874954144a0674a98939,Graham Ike,ncaab,GONZ,Rebounds,8.5
prop_6913bd741b290e24af3f16fe43c526aa,Josh Dix,ncaab,CREI,Rebounds,3.5
prop_69138106f562f60f945e189703c81868,Adam Miller,ncaab,GONZ,Rebounds,2.5
prop_69138106537e258d35adab3b453a677b,Nik Graves,ncaab,CREI,Turnovers,2.5
prop_691381067870f5c1109fdfe6fe1932b1,Adam Miller,ncaab,GONZ,3-PT Made,1.5
prop_6913810698903c92db2c46a428f05cee,Josh Dix,ncaab,CREI,Steals,0.5
prop_69138106802866aa0bd69483e1374228,Graham Ike,ncaab,GONZ,Blocks,0.5
prop_6913810635c4c00c83fae33e1b860385,Braden Huff,ncaab,GONZ,Steals,0.5
prop_69138106e24f2b73b95736e35dd7474e,Braden Huff,ncaab,GONZ,Blocks,0.5
prop_69138c7be5aa3fc25fe00add6316a82e,Paulius Murauskas,ncaab,SMC,Rebounds,8.5
prop_6913af90abdc5057c339f0dcd7abd55a,Joshua Dent,ncaab,SMC,Assists,4.5
prop_69138c7b4240db30ca5bc01719370dfa,Mikey Lewis,ncaab,SMC,Rebounds,3.5
prop_69138b736bad3cb21f50ef71070b3ead,Mikey Lewis,ncaab,SMC,3-PT Made,2.5
prop_69138b73866d4f43e785a4b766b0c58a,Joshua Dent,ncaab,SMC,Turnovers,1.5
prop_69138c7b27c21df424d00d53dfb1a2da,Mikey Lewis,ncaab,SMC,Turnovers,1.5
prop_6913c8e4c9772473bb9d5232b40b9df7,Kirill Marchenko,nhl,CBJ,Shots on Goal,2.5
prop_6913e3f5d8bedbd91e89a7695568b566,Ryan Lindgren,nhl,SEA,,1.5
prop_69136b1e3655bfdcf649bccbbb39b62f,Dante Fabbro,nhl,CBJ,,1.5
prop_69131eb17cfe1e4929f5871dfea06ba7,Vince Dunn,nhl,SEA,Points,0.5
prop_69131a92d8c165156b67182d532777b2,Kent Johnson,nhl,CBJ,Shots on Goal,1.5
prop_69131eb1b50ce870f268183a0f384fe9,Matty Beniers,nhl,SEA,Points,0.5
prop_69131eb14bc99238eedff8a7193d3db2,Sean Monahan,nhl,CBJ,Points,0.5
prop_69133a40676423c097cf084ff57979cc,Eeli Tolvanen,nhl,SEA,Points,0.5
prop_69131a92f22ee32dbb5b17a90894cc70,Zach Werenski,nhl,CBJ,Assists,0.5
prop_69131eb19d8f1b2d82017fd8303f632f,Jaden Schwartz,nhl,SEA,Points,0.5
prop_69131eb175f5bbb81e2b5f6a3e87c0fb,Dmitri Voronkov,nhl,CBJ,Points,0.5
prop_69131eb1eee35f4b35f2aace847aef19,Chandler Stephenson,nhl,SEA,Points,0.5
prop_6912bf2b17ce4a1d48f72c5d5f0a706a,Quinn Hughes,nhl,VAN,Shots on Goal,2.5
prop_6912caf72f7780a1922c040b44848416,Neal Pionk,nhl,WPG,Shots on Goal,1.5
prop_6912bf2b90f151b8fae76693adb02730,Evander Kane,nhl,VAN,Shots on Goal,2.5
prop_6912bf2ba7b2c1e8b18cb752aed1536e,Mark Scheifele,nhl,WPG,Assists,0.5
prop_69136b1e12b2cc4297a6d58bc73f646b,Kiefer Sherwood,nhl,VAN,Shots on Goal,1.5
prop_69139d96056a6715dd1dd1a76ce2a689,Cole Perfetti,nhl,WPG,Points,0.5
prop_6913a6e21d29e23fcf7211a2c95d07dc,Jake DeBrusk,nhl,VAN,Points,0.5
prop_6912bf2bab379963273db5600dbde176,Josh Morrissey,nhl,WPG,Assists,0.5
prop_6912bf2b208e3722ae7eb95e9a59fe7d,Brock Boeser,nhl,VAN,Points,0.5
prop_6912bf2b0c69b1bcf4b96e476c395dcd,Kyle Connor,nhl,WPG,Assists,0.5
prop_6912caf700f1419177643a147110e592,Conor Garland,nhl,VAN,Points,0.5
prop_6913a7961874caf4c7bba386dbb83d7d,Nikola Jokić,nba,DEN,Pts+Reb+Asts,50.5
prop_6913a6850c8b9337e8d1b283fc3b06fe,Domantas Sabonis,nba,SAC,Pts+Reb+Asts,33.5
prop_6913a2106f4fe7f7fdd99a0d7540b643,Nikola Jokić,nba,DEN,Pts+Reb,39.5
prop_6913a685f687d49829467a068103338e,Domantas Sabonis,nba,SAC,Pts+Reb,28.5
prop_6913a2109ba125c9eac57a78cc8edc87,Nikola Jokić,nba,DEN,Pts+Asts,37.5
prop_6913a6855e026bbf46466ac4c849eeaf,Zach LaVine,nba,SAC,Pts+Reb+Asts,27.5
prop_6913a210d9932eebb1fcecb9e3183a24,Jamal Murray,nba,DEN,Pts+Reb+Asts,31.5
prop_6913e701f1c42984030ed8ecd117c35a,DeMar DeRozan,nba,SAC,Pts+Reb+Asts,27.5
prop_6913dff0b0553fcca2ec174139e28c33,Nikola Jokić,nba,DEN,Points,27.5
prop_6913a2109eb494a4eb0f9da454bffa33,Jamal Murray,nba,DEN,Pts+Asts,27.5
prop_6913a2102824faaa9351a395e59c361d,Jamal Murray,nba,DEN,Pts+Reb,25.5
prop_6913a68502f34ed3d94d658d7576f0e8,Zach LaVine,nba,SAC,Pts+Reb,24.5
prop_6913a21034220e69669fcf1a78b45c0c,Aaron Gordon,nba,DEN,Pts+Reb+Asts,24.5
prop_6913a685026c405c8d54f8531f9c16f6,DeMar DeRozan,nba,SAC,Pts+Asts,23.5
prop_6913b4e4f3e3f5970a0fdf7cbeb38d2b,Aaron Gordon,nba,DEN,Pts+Reb,22.5
prop_6913d5559dadbea6593fb38f5b7a96d6,Zach LaVine,nba,SAC,Pts+Asts,23.5
prop_6913a210128ee68e3d540d91a69b3268,Nikola Jokić,nba,DEN,Asts+Reb,22.5
prop_6913a68564c3f7e9fae8d0c6ed661228,DeMar DeRozan,nba,SAC,Pts+Reb,23.5
prop_6913a21025ca6bc0afe755753c148a9a,Jamal Murray,nba,DEN,Points,21.5
prop_6913a6859e5105ec62bf2af1911f6fd2,Russell Westbrook,nba,SAC,Pts+Reb+Asts,22.5
prop_6913a210d4474189f45adb367825cddb,Christian Braun,nba,DEN,Pts+Reb+Asts,20.5
prop_6913b9354b1bb4e6f8dd51c7e4ca9ee7,Zach LaVine,nba,SAC,Points,21.5
prop_6913a210c087c9fefc7b890c740cb371,Aaron Gordon,nba,DEN,Pts+Asts,19.5
prop_6913b3c773db3e7e882504f5b4e214a2,Domantas Sabonis,nba,SAC,Pts+Asts,20.5
prop_6913a2103c0aca4a57a745b6ea7118ec,Christian Braun,nba,DEN,Pts+Reb,17.5
prop_6913a685438f2cf78b53917f31030971,DeMar DeRozan,nba,SAC,Points,20.5
prop_6913a210ad99e048754aba11a2c763f9,Cameron Johnson,nba,DEN,Pts+Reb+Asts,16.5
prop_6913a6857bc513c161a27798283100ad,Dennis Schröder,nba,SAC,Pts+Reb+Asts,20.5
prop_6913d7b1d53c0fd49c29d8d8a3b43786,Christian Braun,nba,DEN,Pts+Asts,16.5
prop_6913a685c99e6d738b559a49ed60509e,Russell Westbrook,nba,SAC,Pts+Asts,17.5
prop_6913a210703426fee614f5a9d2485ec8,Aaron Gordon,nba,DEN,Points,16.5
prop_6913a685c73a118511638ff8ec71aea5,Dennis Schröder,nba,SAC,Pts+Asts,17.5
prop_6913a685f8d52f6acfea6f9ac74267ec,Cameron Johnson,nba,DEN,Pts+Reb,14.5
prop_6913a685661b01cd41a5a681d6e79d63,Russell Westbrook,nba,SAC,Pts+Reb,17.5
prop_6913ac675531951653891afb6798064c,Jonas Valančiūnas,nba,DEN,Pts+Reb+Asts,14.5
prop_6913a6856a9a8e7a0626dc431e8ca6d3,Malik Monk,nba,SAC,Pts+Reb+Asts,17.5
prop_6913a685813b976a28bbd7dcb102ad61,Cameron Johnson,nba,DEN,Pts+Asts,13.5
prop_6913d555cd64cabb4e5cdea8b3c293d5,Domantas Sabonis,nba,SAC,Asts+Reb,16.5
prop_6913a210d1ec884c3cc8743637b38d76,Christian Braun,nba,DEN,Points,13.5
prop_6913a6857e0fadad6417c0fdd286808a,Domantas Sabonis,nba,SAC,Points,16.5
prop_6913a2108bef43d4146420bdf2d4d8ea,Jonas Valančiūnas,nba,DEN,Pts+Reb,12.5
prop_6913a685e25af1d9169731b8ab296693,Malik Monk,nba,SAC,Pts+Asts,15.5
prop_6913a210b76d1188b96ba8a0c548b14f,Tim Hardaway Jr.,nba,DEN,Pts+Reb+Asts,12.5
prop_6913a685cfc818978047801bf5636e4e,Malik Monk,nba,SAC,Pts+Reb,14.5
prop_6913a210ffef76ff3f1f4c966b4cb6b3,Nikola Jokić,nba,DEN,Rebounds,12.5
prop_6913a68598ccd931d117fb4ad3ecc4c3,Dennis Schröder,nba,SAC,Pts+Reb,14.5
prop_6913a2104e0acd4f14815ef88c6dca38,Peyton Watson,nba,DEN,Pts+Reb+Asts,11.5
prop_6913a685cf9b97b805394066e8bb810a,Dennis Schröder,nba,SAC,Points,12.5
prop_6913a6856139caf97fe6e1e38d98404c,Cameron Johnson,nba,DEN,Points,11.5
prop_6913a6857daf5cf50034bf4fa1e9f08c,Precious Achiuwa,nba,SAC,Pts+Reb+Asts,12.5
prop_6913a21082ba4b9c379b78171143abe0,Tim Hardaway Jr.,nba,DEN,Pts+Reb,11.5
prop_6913a685dd69871c6b587fb999a9f77e,Domantas Sabonis,nba,SAC,Rebounds,12.5
prop_6913a2108bf27dfe3fe18f312185ae12,Bruce Brown,nba,DEN,Pts+Reb+Asts,11.5
prop_6913a6856f21f7f8ab63ae0fc6411dc7,Russell Westbrook,nba,SAC,Points,12.5
prop_6913a2104c62a9c90a0a2cb0f903876b,Tim Hardaway Jr.,nba,DEN,Pts+Asts,10.5
prop_6913bb919ca4849c9ba506f9acd196a3,Malik Monk,nba,SAC,Points,12.5
prop_6913b4e40942744a7f640a08fcba96fe,Nikola Jokić,nba,DEN,Assists,10.5
prop_6913a685e9aa250284701ab34e23b0be,Precious Achiuwa,nba,SAC,Pts+Reb,11.5
prop_6913a21016f25ba459e152023fe4558b,Jamal Murray,nba,DEN,Asts+Reb,9.5
prop_6913a21042212d5972209a4e1f321875,Bruce Brown,nba,DEN,Pts+Reb,9.5
prop_6913b5d924298e3416ed4db15eac3a63,Tim Hardaway Jr.,nba,DEN,Points,9.5
prop_6913e5fda5c614ef3d376495efa5dcdb,Russell Westbrook,nba,SAC,Asts+Reb,9.5
prop_6913ba52be3f5cbc02234c05c13a9517,Jonas Valančiūnas,nba,DEN,Pts+Asts,8.5
prop_6913e80f364523799b03904bff8e7f7c,Dennis Schröder,nba,SAC,Asts+Reb,7.5
prop_6913a21065c2043eca3472aee8e5fc08,Aaron Gordon,nba,DEN,Asts+Reb,7.5
prop_6913a685738d796e13e63c3dda5c984e,Precious Achiuwa,nba,SAC,Pts+Asts,7.5
prop_6913a2106ee738e59109b36e3408ae6e,Jonas Valančiūnas,nba,DEN,Points,7.5
prop_6913a685ea619d2364a2cc6f3d1ef21d,DeMar DeRozan,nba,SAC,Asts+Reb,6.5
prop_6913a2105da415005c543eb53ee5869f,Jonas Valančiūnas,nba,DEN,Asts+Reb,6.5
prop_6913affc125cda5c845b25d27ca6e63a,Precious Achiuwa,nba,SAC,Points,6.5
prop_6913a2100e3c771e043973dec4211474,Bruce Brown,nba,DEN,Points,6.5
prop_6913a68590c2558bf6045d408ca16f5a,Malik Monk,nba,SAC,Asts+Reb,5.5
prop_6913b5d9ebf87b99e5e05a717039a6f3,Peyton Watson,nba,DEN,Points,6.5
prop_6913aa504f8585d497ac9e1e6702bf8e,Precious Achiuwa,nba,SAC,Rebounds,4.5
prop_6913a210ecd17142ac94128720646661,Jamal Murray,nba,DEN,Assists,5.5
prop_6913ab66641e312b268533014da648c3,Drew Eubanks,nba,SAC,Points,4.5
prop_6913a2102d868c29fcd753b7d2682ac3,Christian Braun,nba,DEN,Rebounds,4.5
prop_6913af1fe3c7772972faa1f2cc707cb7,Russell Westbrook,nba,SAC,Assists,4.5
prop_6913a2106e86b61a82260c89b09c7610,Nikola Jokić,nba,DEN,Stls+Blks,2.5
prop_6913a685c0ce3e698e97e9728fff8bff,Domantas Sabonis,nba,SAC,Assists,4.5
prop_6913a21055e073d04e00db6d5f0e93dc,Nikola Jokić,nba,DEN,3-PT Made,1.5
prop_6913cfd772ffbe05e992f8dc78f84510,DeMar DeRozan,nba,SAC,Assists,3.5
prop_6913a210acf023c775235f60f93587bf,Nikola Jokić,nba,DEN,Steals,1.5
prop_6913def194c19e936c83a1bf6f8597e0,Drew Eubanks,nba,SAC,Rebounds,2.5
prop_6913a685db55d151dc8901370923f5ab,Aaron Gordon,nba,DEN,3-PT Made,1.5
prop_6913a685ec33a383ce99345723df42b5,Domantas Sabonis,nba,SAC,Turnovers,2.5
prop_6913a2106e24f2d9ad7092454e22a2fe,Cameron Johnson,nba,DEN,3-PT Made,1.5
prop_6913a685690a92151678e14402d53055,Dennis Schröder,nba,SAC,Rebounds,2.5
prop_6913d555cf30c122e0faca8605a122a9,Nikola Jokić,nba,DEN,Blocks,0.5
prop_6913a6856297ee32f46c526a9a50a06d,Malik Monk,nba,SAC,3-PT Made,1.5
prop_6913d42ea7e6eb2da80dbb65d90654d2,Bruce Brown,nba,DEN,3-PT Made,0.5
prop_6913a685a9e29e4eb5cc8b6fd0feef03,Domantas Sabonis,nba,SAC,3-PT Made,0.5
prop_6913a6858faec99e8a69fc7d33abaad9,Malik Monk,nba,SAC,Steals,0.5
prop_6913d2d61feb03d39f5de17ffe794a7e,Tucker Gleason,ncaaf,TOL,Pass Yds,227.5
prop_69121da09c8cfa8a65b8b818ba7668a0,Jordan Brunson,ncaaf,M-OH,Rush Yds,56.5
prop_6913b6c45946fd35f3158e4e98da1094,Chip Trayanum,ncaaf,TOL,Rush Yds,82.5
prop_691396fd9243375a19e79cbd91df350b,Junior Vandeross III,ncaaf,TOL,Rec Yds,80.5
prop_6913bf0c181f08463908e0a88282e0fe,Ta'Quan Roberson,ncaaf,BUFF,Pass Yds,210.5
prop_691306caf42309b3f9efe7282b60731f,Nahree Biggins,ncaaf,CMU,Rush Yds,41.5
prop_6913bf0c5adb5976d4d017356bcbd0ff,Nik McMillan,ncaaf,BUFF,Rec Yds,76.5
prop_691306ca06680f058a115fce71aa0a7b,Langston Lewis,ncaaf,CMU,Rec Yds,41.5
prop_6913bf0c1273a7edd4bd4ad9e6b64091,Al-Jay Henderson,ncaaf,BUFF,Rush Yds,73.5
prop_6913c128fc50ca6deb90d5ef5ba88060,Victor Snow,ncaaf,BUFF,Rec Yds,58.5
prop_6913e80f8cf3ccc37ef2a9b63b25e49c,Cade Cunningham,nba,DET,Pts+Reb+Asts,44.5
prop_6913e5fdd548e5f77cd1f6e0195d8447,Josh Giddey,nba,CHI,Pts+Reb+Asts,38.5
prop_6913e5fdd1c7f7e497eb0bd11851a291,Cade Cunningham,nba,DET,Pts+Asts,39.5
prop_6913e5fd02f90eb27ce896e67b7c56c2,Nikola Vučević,nba,CHI,Pts+Reb+Asts,32.5
prop_6913e80f491738fa42b963731e956e2f,Jalen Duren,nba,DET,Pts+Reb+Asts,36.5
prop_6913e80f46f55810522cbe2b1df1f185,Jalen Duren,nba,DET,Pts+Reb,34.5
prop_6913e5fdcc604d47187da6917c15b5c1,Cade Cunningham,nba,DET,Pts+Reb,34.5
prop_6913e5fd806e231eb141fb60d4a2ac79,Josh Giddey,nba,CHI,Pts+Reb,30.5
prop_6913e5fd35d59a20d3e177cbe0fcfc8c,Cade Cunningham,nba,DET,Points,29.5
prop_6913e5fddcbb116f42afe0970fb035fe,Josh Giddey,nba,CHI,Pts+Asts,29.5
prop_6913e5fd9cce007e7c33494c6c13613b,Jalen Duren,nba,DET,Pts+Asts,22.5
prop_6913e5fd719afff04e092b2c0215ae4e,Nikola Vučević,nba,CHI,Pts+Reb,28.5
prop_6913e80f21f47f03fbcacd1614fb0b36,Jalen Duren,nba,DET,Points,20.5
prop_6913e5fd4fb47ef3628d1d1f35885cb7,Tre Jones,nba,CHI,Pts+Reb+Asts,23.5
prop_6913e80f61e57df2cc86532e15c9fd10,Duncan Robinson,nba,DET,Pts+Reb+Asts,19.5
prop_6913e80f8f1e372d7c7a38bc0c40e801,Nikola Vučević,nba,CHI,Pts+Asts,21.5
prop_6913e80f40ffc075ff8b01704985ab56,Javonte Green,nba,DET,Pts+Reb+Asts,18.5
prop_6913e5fddcf94feb6a94541156b62ee3,Matas Buzelis,nba,CHI,Pts+Reb+Asts,21.5
prop_6913e5fdba82c52f0f1f54d6acc00680,Jalen Duren,nba,DET,Asts+Reb,15.5
prop_6913e5fdaad4219105d52442f59042f4,Josh Giddey,nba,CHI,Points,21.5
prop_6913e5fdbe0d7877e29d6e9b06b65739,Caris LeVert,nba,DET,Pts+Reb+Asts,15.5
prop_6913e5fdbe9de67571a0050813804e52,Matas Buzelis,nba,CHI,Pts+Reb,19.5
prop_6913e80ff5cfd2b34fa1bcc9e33080a7,Duncan Robinson,nba,DET,Points,14.5
prop_6913e5fd232347ba37727dd4a3e840d4,Tre Jones,nba,CHI,Pts+Asts,19.5
prop_6913e5fdb7230fa392910cc851d38736,Jalen Duren,nba,DET,Rebounds,13.5
prop_6913e5fdc1302837648e9a5f4ba90e33,Nikola Vučević,nba,CHI,Points,18.5
prop_6913e5fd67983fbc9c6d3f0b87ba67a6,Caris LeVert,nba,DET,Points,10.5
prop_6913e5fdd5cb53eccd5c9c465cef9aaf,Josh Giddey,nba,CHI,Asts+Reb,16.5
prop_6913e80f8b768133be997bf24a5ff77a,Javonte Green,nba,DET,Points,10.5
prop_6913e5fdeb2fadd275a879c7bc6a6ef9,Matas Buzelis,nba,CHI,Points,15.5
prop_6913e5fd5e3fb8fc8b6427c15df11a18,Caris LeVert,nba,DET,Rebounds,2.5
prop_6913e5fd8a0546298c2f2adf982de0a3,Nikola Vučević,nba,CHI,Asts+Reb,13.5
prop_6913e5fdf62491fc7a229b66221278dc,Duncan Robinson,nba,DET,Rebounds,2.5
prop_6913e5fd4a7805ce606302908dfb5c74,Tre Jones,nba,CHI,Points,13.5
prop_6913e5fd340aeaa0c65d41255e8a6019,Javonte Green,nba,DET,Steals,1.5
prop_6913e5fd31a2de6e108cb2af1a433aba,Patrick Williams,nba,CHI,Pts+Reb+Asts,12.5
prop_6913e5fdd8d2096ff4c5648f244a38ee,Isaac Okoro,nba,CHI,Pts+Reb+Asts,11.5
prop_6913e5fdd72e39289ac0fccf434b79ea,Josh Giddey,nba,CHI,Rebounds,8.5
prop_6913e80fb5ff0aa0d709f1b4f01686e9,Jalen Smith,nba,CHI,Points,8.5
prop_6913e5fd0c471c96271f70e213fdac63,Jalen Smith,nba,CHI,Asts+Reb,7.5
prop_6913e5fd0f6ebe27fc2c6a1fa2d1131b,Isaac Okoro,nba,CHI,Points,7.5
prop_6913e5fdf4c3b1a8be15c1f1bab44f39,Tre Jones,nba,CHI,Assists,6.5
prop_6913e5fdbb77395a213eeefedf9bbca8,Nikola Vučević,nba,CHI,Assists,3.5
prop_6913e5fdf6b87f0717e1dbb8a07be369,Nikola Vučević,nba,CHI,3-PT Made,1.5
prop_6913e5fdc15450f5f1c270b3ed10351b,Josh Giddey,nba,CHI,3-PT Made,1.5
prop_6913e5fdcc204802cffb67964ebb4476,Tre Jones,nba,CHI,3-PT Made,0.5
prop_69133d2f0c624624ad1c8c96bf0efbb7,Jasaiah Gathings,ncaaf,BUFF,Rec Yds,27.5
prop_6913db3fb0a524cf042faf520641a6cf,Ja'Kobi Gillespie,ncaab,TENN,Points,15.5
prop_691380cf8d4f871344c8cc98331431ca,Andrew Glass,ncaaf,NIU,Kicking Pts,6.5
prop_691380cf53faf4a48fdc2f451eb2189c,Derek Morris,ncaaf,MASS,Kicking Pts,4.5
prop_6913d315ad732613e736fdeb52beef35,De'Andre Hunter,nba,CLE,Pts+Reb+Asts,31.5
prop_6913d315205e6506640cbf42fc9f61ad,Norman Powell,nba,MIA,Pts+Reb+Asts,29.5
prop_6913d315dd68e58d1449070443d67d24,Jarrett Allen,nba,CLE,Pts+Reb+Asts,28.5
prop_6913d315ff08a35769c4efb2202a69ed,Jaime Jaquez Jr.,nba,MIA,Pts+Reb+Asts,27.5
prop_6913d315337c402efc80305430cf7349,De'Andre Hunter,nba,CLE,Pts+Reb,28.5
prop_6913d315ba42ba1b8d9596a89044a97a,Andrew Wiggins,nba,MIA,Pts+Reb+Asts,27.5
prop_6913d315e9666b41292f585e9be9ea1f,Norman Powell,nba,MIA,Pts+Reb,27.5
prop_6913d315730e9538ddf4b0368c1f5062,Jarrett Allen,nba,CLE,Pts+Reb,26.5
prop_6913d315aec5c39a3abff7d2cf7625ee,Norman Powell,nba,MIA,Pts+Asts,25.5
prop_6913d3155e6ade40e4e27e23af8fd3d4,De'Andre Hunter,nba,CLE,Pts+Asts,26.5
prop_6913d315de65a9776d35c00186728e9c,Andrew Wiggins,nba,MIA,Pts+Reb,24.5
prop_6913d22af1319cafd1e118cba191c286,De'Andre Hunter,nba,CLE,Points,23.5
prop_6913d315434f51c7bc138c254c04b453,Norman Powell,nba,MIA,Points,23.5
prop_6913d315424b0f67b0924121d9790a0e,Sam Merrill,nba,CLE,Pts+Reb+Asts,21.5
prop_6913d672c1884746e432fb6bee4dcb0e,Kel'el Ware,nba,MIA,Pts+Reb+Asts,23.5
prop_6913e4f45936b30087bf802dee8e3542,Lonzo Ball,nba,CLE,Pts+Reb+Asts,19.5
prop_6913d315d2e1731b85940deebd199654,Nikola Jović,nba,MIA,Pts+Reb+Asts,22.5
prop_6913d315453102be5bf459b388a05942,Dean Wade,nba,CLE,Pts+Reb+Asts,16.5
prop_6913d3152cb5d001e4515153d33e327e,Jaime Jaquez Jr.,nba,MIA,Pts+Reb,22.5
prop_6913d3155a214f6829e5811ade742fc1,Jarrett Allen,nba,CLE,Points,16.5
prop_6913d31513283a571d81299ca317f401,Kel'el Ware,nba,MIA,Pts+Reb,21.5
prop_6913d315ea0598571755c83f54ef9c90,Sam Merrill,nba,CLE,Points,14.5
prop_6913d315f60dfda7da7d6e3ae6698647,Andrew Wiggins,nba,MIA,Pts+Asts,21.5
prop_6913e3fff2b77aac18a31e095201c475,Jarrett Allen,nba,CLE,Asts+Reb,12.5
prop_6913d315f93a62955d90b21104416e8c,Pelle Larsson,nba,MIA,Pts+Reb+Asts,18.5
prop_6913d31568f62aae8f11f842762b0a9b,Lonzo Ball,nba,CLE,Points,9.5
prop_6913d315f5ee555f0d9f3891d196ac1e,Andrew Wiggins,nba,MIA,Points,18.5
prop_6913d3154d3abf1beb87cfe1d34e146d,Jarrett Allen,nba,CLE,Rebounds,9.5
prop_6913d3158962c38525801132db6b71af,Jaime Jaquez Jr.,nba,MIA,Points,15.5
prop_6913d3154648edf56c0383e83110f845,Dean Wade,nba,CLE,Points,8.5
prop_6913d3156b5351449cbc1081dcf00c3d,Nikola Jović,nba,MIA,Points,12.5
prop_6913d315ca3490adfb45d95a10e2b03f,Dean Wade,nba,CLE,Asts+Reb,7.5
prop_6913d315aa43029cdf81328e19222ff8,Pelle Larsson,nba,MIA,Points,11.5
prop_6913d3159046ca5ad570a97eee8225a2,Kel'el Ware,nba,MIA,Points,10.5
prop_6913d315b31c469048d94d04b6333f8b,Davion Mitchell,nba,MIA,Asts+Reb,10.5
prop_6913d315262c8c901a72c54b242e092d,Davion Mitchell,nba,MIA,Points,10.5
prop_6913d31547403ae72647ab193ab772e8,Pelle Larsson,nba,MIA,Asts+Reb,7.5
prop_6913d3159adc421520a04d734afd5d6e,Jaime Jaquez Jr.,nba,MIA,Rebounds,7.5
prop_6913d315453ca247a86095c142c3e0b5,Nikola Jović,nba,MIA,Rebounds,6.5
prop_6913d3151750a7f4dbf3be1b9029ccdc,Jaime Jaquez Jr.,nba,MIA,Assists,4.5
prop_6913d31527be7b48b4859d515d4f27e1,Norman Powell,nba,MIA,Rebounds,3.5
prop_6913d315e700fda4f979a831bbc98f3d,Kel'el Ware,nba,MIA,3-PT Made,0.5
prop_6913d31595aa15f43bac5aed55ce8b2d,Jaime Jaquez Jr.,nba,MIA,3-PT Made,0.5
prop_6913d3151af8289d5638b1e72a030210,Alperen Sengun,nba,HOU,Pts+Reb+Asts,38.5
prop_6913d31504870bd73da7d53458feec99,Alex Sarr,nba,WAS,Pts+Reb+Asts,28.5
prop_6913d315bcb3bfa4b5a630f3eb48467d,Kevin Durant,nba,HOU,Pts+Reb+Asts,34.5
prop_6913e3ffe5f04dbb62a3f3dcd8db9445,Alperen Sengun,nba,HOU,Pts+Reb,32.5
prop_6913d315bd051a39b9344e1b9060caf8,Kevin Durant,nba,HOU,Pts+Reb,30.5
prop_6913d98ac8ce7947444405dae2d32a44,Amen Thompson,nba,HOU,Pts+Reb+Asts,29.5
prop_6913d315860aa6bf5514cf808ab417a4,Kevin Durant,nba,HOU,Pts+Asts,29.5
prop_6913d31557171ec8b192422f6481bf2a,Alperen Sengun,nba,HOU,Pts+Asts,28.5
prop_6913d3158ef2277b30b67d3b2f45bcf7,Deni Avdija,nba,POR,Pts+Reb+Asts,37.5
prop_6913d315331ec50083f1ac57033295e9,Trey Murphy III,nba,NOP,Pts+Reb+Asts,31.5
prop_6913d315fe39098ee0c6f4f3339f94c0,Deni Avdija,nba,POR,Pts+Reb,32.5
prop_6913d315821e9db3f12efb907654bdc5,Deni Avdija,nba,POR,Pts+Asts,29.5
prop_6913d315855372ec4e7599d89ccd8773,Jrue Holiday,nba,POR,Pts+Reb+Asts,28.5
prop_6913db3fc97d5e43fe3646ec292f4504,Milos Uzan,ncaab,HOU,Pts+Reb+Asts,28.5
prop_6913d22aa3eb3efb5713e1796c6122a1,Trey Murphy III,nba,NOP,Pts+Reb,27.5
prop_6913d315d5ddbf9582a48896377dd995,Shaedon Sharpe,nba,POR,Pts+Reb+Asts,26.5
prop_6913d315fddd99d66c17ddcece69438b,Trey Murphy III,nba,NOP,Pts+Asts,25.5
prop_6913d315b3281b57812bf97378a6cd80,Deni Avdija,nba,POR,Points,24.5
prop_6913d31521801e0f740d46770c90b6ef,Jeremiah Fears,nba,NOP,Pts+Reb+Asts,23.5
prop_6913d315c58352ed494af840a51a93d0,Shaedon Sharpe,nba,POR,Pts+Reb,24.5
prop_6913d315cf1b86dec8a94cd0ec55f476,Trey Murphy III,nba,NOP,Points,21.5
prop_6913d31569c22b2902bd62e1c707a87b,Jrue Holiday,nba,POR,Pts+Asts,23.5
prop_6913d3159512862f2c049ab96776c966,Saddiq Bey,nba,NOP,Pts+Reb+Asts,20.5
prop_6913d315815b4e083fb9a5528c4e19aa,Jerami Grant,nba,POR,Pts+Reb+Asts,23.5
prop_6913d315e6a4eb63e62a7b3d54080d62,Jeremiah Fears,nba,NOP,Pts+Asts,19.5
prop_6913d31509e331e11dc1ae38bc1424e4,Shaedon Sharpe,nba,POR,Pts+Asts,22.5
prop_6913d315f0774ddbb92221b90b225ab5,Herbert Jones,nba,NOP,Pts+Reb+Asts,18.5
prop_6913d22a5e33fa76cb3c9a7406cf9d4a,Jrue Holiday,nba,POR,Pts+Reb,21.5
prop_6913d31504a0bafc42ea48ffe2bcde98,Jerami Grant,nba,POR,Pts+Asts,20.5
prop_6913d315314c13d087f5f39ed3c09472,Shaedon Sharpe,nba,POR,Points,20.5
prop_6913d315e55d432160e6dae8c090cb18,Jerami Grant,nba,POR,Pts+Reb,20.5
prop_6913d315a0c39bf4ea90e26bc0aad28a,Toumani Camara,nba,POR,Pts+Reb+Asts,20.5
prop_6913d315c8265db421914b3d913d272a,Donovan Clingan,nba,POR,Pts+Reb+Asts,18.5
prop_6913d3158dcf9010af8bb32a5be911ad,Jerami Grant,nba,POR,Points,17.5
prop_6913d22ae6b344d8998d2f38a27710ac,Kevin Durant,nba,HOU,Points,25.5
prop_6913d315d6177bd4e6f9268116d8c6a2,Alex Sarr,nba,WAS,Pts+Reb,24.5
prop_6913d315ad7665e0bb1ea9b36ce08ae2,Amen Thompson,nba,HOU,Pts+Reb,24.5
prop_6913d315bca9ae88251d20ff19e7a397,CJ McCollum,nba,WAS,Pts+Reb+Asts,23.5
prop_6913d31575ea61e1c797aa12423b9e8d,Jabari Smith Jr.,nba,HOU,Pts+Reb+Asts,22.5
prop_6913d3155790ea4c3b25a6c25cca6e18,Kyshawn George,nba,WAS,Pts+Reb+Asts,20.5
prop_6913d7b157c2de30a8b6bbac02a4c375,Amen Thompson,nba,HOU,Pts+Asts,22.5
prop_6913d3157017a98868eed17000ff32b0,Alex Sarr,nba,WAS,Pts+Asts,20.5
prop_6913d22a912c137e463a9b2a472932b2,Alperen Sengun,nba,HOU,Points,21.5
prop_6913d3156d1d9f4f40f6cf66ae4bdf1b,CJ McCollum,nba,WAS,Pts+Reb,20.5
prop_6913d3159f891a739ab82ad76e856074,Jabari Smith Jr.,nba,HOU,Pts+Reb,20.5
prop_6913d31538ee443cdf828f10827354c1,CJ McCollum,nba,WAS,Pts+Asts,20.5
prop_6913d315f38f27db0109bd46faa842b8,Tari Eason,nba,HOU,Pts+Reb+Asts,18.5
prop_6913d31520daa50b86a0db910c5f0e4e,CJ McCollum,nba,WAS,Points,17.5
prop_6913d3158a272d6aeff0f3c3faeb0ba8,Amen Thompson,nba,HOU,Points,17.5
prop_6913d31510a719e1b8d030da07ddda08,Kyshawn George,nba,WAS,Pts+Reb,17.5
prop_6913d3159a4b99d23538462281a1f2e9,Alperen Sengun,nba,HOU,Asts+Reb,16.5
prop_6913d315feee9bfb9c6bd246b29b30eb,Bub Carrington,nba,WAS,Pts+Reb+Asts,16.5
prop_6913d980a79d140a4c579a314dfe77ad,Milos Uzan,ncaab,HOU,Pts+Asts,23.5
prop_6913db3f9d8c2d7b4f35ee4bc7a98013,Milos Uzan,ncaab,HOU,Pts+Reb,22.5
prop_6913d980ba91e9449ffc7329c0175e0a,Emanuel Sharp,ncaab,HOU,Pts+Reb+Asts,21.5
prop_6913db3f6a4e28420e9851fc0ce9ae0d,Emanuel Sharp,ncaab,HOU,Pts+Reb,20.5
prop_6913d98074df1928f95b7b7405cf1116,Kingston Flemings,ncaab,HOU,Pts+Reb+Asts,20.5
prop_6913db3f0256f0c08a81338b913c1556,Joseph Tugler,ncaab,HOU,Pts+Reb+Asts,19.5
prop_6913db3f364960f2d79275dca2f83a7f,Kingston Flemings,ncaab,HOU,Pts+Asts,18.5
prop_6913d980105a73d808de102c211b1d21,Milos Uzan,ncaab,HOU,Points,17.5
prop_6913db3fde8d3151e3b5974c9e7e8e4f,Kingston Flemings,ncaab,HOU,Pts+Reb,17.5
prop_6913db3f5e24ca8ff7755ce55689f0c6,Emanuel Sharp,ncaab,HOU,Pts+Asts,17.5
prop_6913d98021fde3ba635b79342fab3327,Joseph Tugler,ncaab,HOU,Pts+Reb,17.5
prop_6913db3f3d50205f89677e6657babde3,Emanuel Sharp,ncaab,HOU,Points,16.5
prop_6913d31553133f21598448c3d338c2f0,Alex Sarr,nba,WAS,Points,16.5
prop_6913d315373a44d5034424d2fdbbb55d,Jabari Smith Jr.,nba,HOU,Points,13.5
prop_6913d315233dcd6cafc9ae3ff463b005,Tre Johnson,nba,WAS,Pts+Reb+Asts,15.5
prop_6913d31520dc280a6ec84451edd90aef,Josh Okogie,nba,HOU,Pts+Reb+Asts,12.5
prop_6913d3158ffbfe3753a736eb5e424e04,Kyshawn George,nba,WAS,Pts+Asts,15.5
prop_6913d31540d092c18ff47d8b692a48b2,Amen Thompson,nba,HOU,Asts+Reb,12.5
prop_6913d315b11e35ae957cef0f468d6221,Khris Middleton,nba,WAS,Pts+Reb+Asts,14.5
prop_6913d7b1ea641a4c7e76affb6f5882b8,Reed Sheppard,nba,HOU,Points,10.5
prop_6913d315da10728e1aee79fd63203825,Tre Johnson,nba,WAS,Pts+Reb,14.5
prop_6913d3155b1ffcd0b29b605658f25704,Josh Okogie,nba,HOU,Pts+Reb,10.5
prop_6913d672b75225e5ee76424efbc0049f,Kyshawn George,nba,WAS,Points,12.5
prop_6913d315b14f87e7eea87e8179d16ee2,Kevin Durant,nba,HOU,Asts+Reb,8.5
prop_6913d315b6dc7701902d22bb6e170b88,Khris Middleton,nba,WAS,Pts+Reb,12.5
prop_6913d672f48c49a9194c39ac1cde03a6,Josh Okogie,nba,HOU,Points,7.5
prop_6913d22aafab1bc7362dc40697b4e107,Alex Sarr,nba,WAS,Asts+Reb,11.5
prop_6913d98a905a611ecd8f34732a2a4668,Jabari Smith Jr.,nba,HOU,Rebounds,6.5
prop_6913d315c0dc4c040b33ed6201cd7bcd,Khris Middleton,nba,WAS,Pts+Asts,11.5
prop_6913d315ec4408609c98804eb4740254,Alperen Sengun,nba,HOU,Assists,6.5
prop_6913d22a1e717c73c4068a74d5618d92,Tre Johnson,nba,WAS,Points,10.5
prop_6913d98aefa130c5835a474afbca6dbc,Steven Adams,nba,HOU,Points,5.5
prop_6913d31545ca0b2e16a570f99be67b82,Khris Middleton,nba,WAS,Points,8.5
prop_6913d42e2261b113689fb7d22d1c6249,Amen Thompson,nba,HOU,Assists,5.5
prop_6913d31524dd5fc77dc07ff73790630b,Bub Carrington,nba,WAS,Asts+Reb,8.5
prop_6913d315b3340f9bae213f45ea15d08d,Alex Sarr,nba,WAS,Rebounds,7.5
prop_6913d3156defd183176ed07430fbc929,CJ McCollum,nba,WAS,Asts+Reb,6.5
prop_6913d3154de955e650f5ec5713e1c590,Khris Middleton,nba,WAS,Asts+Reb,5.5
prop_6913d22ab65436b2a234eb820de3f437,Jrue Holiday,nba,POR,Points,16.5
prop_6913d31548265b9079850cc191d34018,Jeremiah Fears,nba,NOP,Points,15.5
prop_6913d31521fc9f1c4597024ea2fd093c,Toumani Camara,nba,POR,Points,12.5
prop_6913d3152bef42d5b633fa1a87909d65,Jose Alvarado,nba,NOP,Pts+Reb+Asts,15.5
prop_6913d315f2cc2a71dd2e9f4a85d2d7a8,Deni Avdija,nba,POR,Asts+Reb,12.5
prop_6913d31577bc880080a45cfdea0a8974,Saddiq Bey,nba,NOP,Points,13.5
prop_6913d22aad0963687f151d888dc14300,Jrue Holiday,nba,POR,Asts+Reb,11.5
prop_6913d315bf37d5791b84d29b50fbfa9a,Herbert Jones,nba,NOP,Points,11.5
prop_6913d31521ff24006a15da6c6c80ae1b,Donovan Clingan,nba,POR,Rebounds,8.5
prop_6913d315b9f534db50737bfd9e99bf85,Jose Alvarado,nba,NOP,Points,9.5
prop_6913d315ca2cf3a215aba09ec4e35bb9,Donovan Clingan,nba,POR,Points,8.5
prop_6913d3152633a2ade2d9caa98566ab52,Trey Murphy III,nba,NOP,Asts+Reb,9.5
prop_6913d315d4f6be4dc544cb0f7fd3d564,Deni Avdija,nba,POR,Rebounds,7.5
prop_6913d315801194b28228e01212d41943,Jeremiah Fears,nba,NOP,Asts+Reb,7.5
prop_6913d315a35b1015005f537358d1f8ec,Trey Murphy III,nba,NOP,Rebounds,5.5
prop_6913d98027ad894bbb395b13286ad789,Kingston Flemings,ncaab,HOU,Points,14.5
prop_6913d980ad802b00d222d357bf4977bb,Tuburu Naivalurua,ncaab,OAK,Points,12.5
prop_6913d980f8eddfdaecbebdbbc2b35223,Joseph Tugler,ncaab,HOU,Points,10.5
prop_6913d98017eab6740b62a9820c2da359,Ziare Wells,ncaab,OAK,Points,12.5
prop_6913db3ff90390b0973ccd818ed273be,Joseph Tugler,ncaab,HOU,Rebounds,7.5
prop_6913d98089fe3c5c8d992ba8999df2ee,Isaac Garrett,ncaab,OAK,Points,9.5
prop_6913db3fa592c12962b7a02d6f32f44a,Nassim Mashhour,ncaab,OAK,Points,8.5
prop_6913d98041a7e658ba74860b49a4a7f7,Tuburu Naivalurua,ncaab,OAK,Rebounds,6.5
prop_6913d98042c47f65509b7565adce52fd,Ziare Wells,ncaab,OAK,Rebounds,6.5
prop_6913d9800bd937bb28b2b094625a0cae,Isaac Garrett,ncaab,OAK,Rebounds,4.5
prop_6913db3f40329800d2aeed482bc29c7d,Kingston Flemings,ncaab,HOU,Assists,3.5
prop_6913db3f96ff88b5a1612457fead47a4,Nassim Mashhour,ncaab,OAK,Rebounds,3.5
prop_6913d98008a5f1c535c45d46f22b334b,Kingston Flemings,ncaab,HOU,Rebounds,2.5
prop_6913db3fbf68f3a932b0282304e73bd6,Milos Uzan,ncaab,HOU,3-PT Made,2.5
prop_6913d31551444895fe9406580bd70f30,Kevin Durant,nba,HOU,Rebounds,4.5
prop_6913d22a15b41c40677f878820cdd51e,Kyshawn George,nba,WAS,Rebounds,4.5
prop_6913d31580f8bafdac66e540d056205d,Amen Thompson,nba,HOU,Stls+Blks,2.5
prop_6913d3156aa6e8c145326934ef1e455a,Bub Carrington,nba,WAS,Assists,4.5
prop_6913d31559d3f857327eed45d8c76f24,Kevin Durant,nba,HOU,Turnovers,2.5
prop_6913d315bc5cb501d3bb221cabbbe991,Alex Sarr,nba,WAS,Assists,3.5
prop_6913d315212384d841b106c0d728806e,Tari Eason,nba,HOU,3-PT Made,1.5
prop_6913d3153bcedb0b3044149d43bcd6d8,Tre Johnson,nba,WAS,Rebounds,3.5
prop_6913d3151e37a2f0ff74ddc27c1acfc9,Amen Thompson,nba,HOU,3-PT Made,0.5
prop_6913d22adf59a791cda9c2df39b05c09,Kyshawn George,nba,WAS,Assists,3.5
prop_6913d315ac9c409ee80c327fdef0e0f4,CJ McCollum,nba,WAS,3-PT Made,2.5
prop_6913d22ae446c35c9bfed3db91cdf4aa,Kyshawn George,nba,WAS,Turnovers,2.5
prop_6913d3151eb28a3b8e098db958e1291a,Tre Johnson,nba,WAS,3-PT Made,1.5
prop_6913d31588970605fed482f294462153,Jrue Holiday,nba,POR,Rebounds,4.5
prop_6913d22a710cc516a2c9a79c013172a3,Herbert Jones,nba,NOP,Rebounds,3.5
prop_6913d315397f65115dd8103b38280e0d,Shaedon Sharpe,nba,POR,Rebounds,4.5
prop_6913d31555951376262835f547993bbc,Jeremiah Fears,nba,NOP,Turnovers,2.5
prop_6913d31512177d06ecd9020f1500bfc9,Jrue Holiday,nba,POR,3-PT Made,2.5
prop_6913d3151efd9058a396c2c2d0010d4d,Jose Alvarado,nba,NOP,3-PT Made,1.5
prop_6913d3159e0aa8e2562bcf2f5408a426,Donovan Clingan,nba,POR,Stls+Blks,2.5
prop_6913d3151c58420fe62735f28146de7a,Donovan Clingan,nba,POR,Blocks,1.5
prop_6913d315a43f8ddf76ae11137979badc,Donovan Clingan,nba,POR,3-PT Made,0.5
prop_6913e0fd5f6faaaebd346c63443b5ed8,Devin Booker,nba,PHX,Pts+Reb+Asts,39.5
prop_6913e0fdec97c50b124b7ecc1c602e83,Anthony Davis,nba,DAL,Pts+Reb+Asts,36.5
prop_6913e0fd66589a4e9901e951f82319f1,Devin Booker,nba,PHX,Pts+Asts,35.5
prop_6913e0fdcf177658b747626d988a9d41,Anthony Davis,nba,DAL,Pts+Reb,32.5
prop_6913e0fded89d872bb66c57f7e0f04ae,Devin Booker,nba,PHX,Pts+Reb,31.5
prop_6913e0fd13b045930793f36b19c36723,P.J. Washington,nba,DAL,Pts+Reb+Asts,26.5
prop_6913e0fdd153d30abe257aada33a2004,Devin Booker,nba,PHX,Points,27.5
prop_6913e0fdb3bf2bb1490f19a344929a8c,Cooper Flagg,nba,DAL,Pts+Reb+Asts,25.5
prop_6913e0fd56f88f7685bf89fe6e31fd0b,Grayson Allen,nba,PHX,Pts+Reb+Asts,24.5
prop_6913e0fd6ff4c52a895fd20369a0e5fc,Anthony Davis,nba,DAL,Pts+Asts,25.5
prop_6913e0fde6580b61ddbce71ab2c5d52f,Mark Williams,nba,PHX,Pts+Reb,22.5
prop_6913e0fde2a6a06841674ad3ac931361,P.J. Washington,nba,DAL,Pts+Reb,23.5
prop_6913e0fdd6ef9dde1c4c9181621aa288,Grayson Allen,nba,PHX,Pts+Asts,20.5
prop_6913e0fd28bf91dbd3ec50942e1cf599,Cooper Flagg,nba,DAL,Pts+Reb,22.5
prop_6913e0fd8630aac2dc14eb9650e32af0,Dillon Brooks,nba,PHX,Pts+Reb+Asts,20.5
prop_6913e0fd0d46391a1e9054b86efedd7b,Anthony Davis,nba,DAL,Points,22.5
prop_6913e0fd82e17e3a713a8bc56ed95b01,Grayson Allen,nba,PHX,Pts+Reb,19.5
prop_6913e0fd516ea183c8bd6be47507b43b,Cooper Flagg,nba,DAL,Pts+Asts,19.5
prop_6913e0fd15d3ffd98560f2c39ee92321,Royce O'Neale,nba,PHX,Pts+Reb+Asts,18.5
prop_6913e0fd9f331ed2180f5085135a8664,Cooper Flagg,nba,DAL,Points,16.5
prop_6913e0fd196e611f7c4833e924ce70d2,Collin Gillespie,nba,PHX,Pts+Reb+Asts,17.5
prop_6913e0fdfad24d5a2647a50a7d0b6457,P.J. Washington,nba,DAL,Points,16.5
prop_6913e0fd9f7cc7fd08e7f1e93e8f3612,Grayson Allen,nba,PHX,Points,16.5
prop_6913e0fd3b49c6aae6dd778197919143,Dillon Brooks,nba,PHX,Points,14.5
prop_6913e0fdb5d2d28eef0654723106f19f,Anthony Davis,nba,DAL,Asts+Reb,13.5
prop_6913e0fdd3006f55d686e88feb346e48,Ryan Dunn,nba,PHX,Pts+Reb+Asts,14.5
prop_6913e0fd004992f2f2f4c0f851709577,Dereck Lively II,nba,DAL,Pts+Reb+Asts,13.5
prop_6913e0fdb60b1eab68c456a0a2a1e80d,Mark Williams,nba,PHX,Points,12.5
prop_6913e0fd45bd4e39a2caa70015f9b0f5,Anthony Davis,nba,DAL,Rebounds,10.5
prop_6913e701516dfdc4fed67d9dc92fb6bd,Devin Booker,nba,PHX,Asts+Reb,11.5
prop_6913e0fdf8c4b307453a7583eb250aaf,Cooper Flagg,nba,DAL,Asts+Reb,9.5
prop_6913e0fd5adba9481cddf11420b16e5a,Collin Gillespie,nba,PHX,Points,9.5
prop_6913e0fde6c40b9d487ab20ef40cc5c0,P.J. Washington,nba,DAL,Rebounds,7.5
prop_6913e0fd652c7c3477c6e25dd10e9b0e,Royce O'Neale,nba,PHX,Points,9.5
prop_6913e0fdcfb89896808cc574cc25b8a8,Dereck Lively II,nba,DAL,Asts+Reb,7.5
prop_6913e0fd521bd7bd612a37ed3978728f,Collin Gillespie,nba,PHX,Assists,4.5
prop_6913e0fdc27234a5c055cd56cd6e4f2a,Dereck Lively II,nba,DAL,Rebounds,5.5
prop_6913e0fd6076630e9dde5fcc7ccfea9f,Collin Gillespie,nba,PHX,Rebounds,3.5
prop_6913e0fda7e471d39fec43ba1c9d241b,P.J. Washington,nba,DAL,3-PT Made,1.5
prop_6913e0fd6325447dd6ef30c2a261f65f,Anthony Davis,nba,DAL,3-PT Made,0.5
prop_6913db3f573feef9f7b3179c217b1e6c,Brayden Maldonado,ncaab,SEA,Points,16.5
prop_691306cabb69daa2131368873b01faa7,Colton Joseph,ncaaf,ODU,Pass Yds,235.5
prop_691306ca6a7c4a176b21642992b9c9cf,Tae Meadows,ncaaf,TROY,Rush Yds,63.5
prop_6913bce140abbd7453ec733705c2166e,Colton Joseph,ncaaf,ODU,Rush Yds,63.5
prop_69136005a97ca65b0f8b80cd4970c802,DJ Epps,ncaaf,TROY,Rec Yds,44.5
prop_691306ca1a853018e0390aa3f78f6f0c,Na'eem Abdul-Rahim Gladding,ncaaf,ODU,Rec Yds,59.5
prop_69133d2fdfc3afc773beed71823f9652,Tray Taylor,ncaaf,TROY,Rec Yds,37.5
prop_691396fda65202b95ebdb40fd9c2dee2,Tre' Brown III,ncaaf,ODU,Rec Yds,58.5
prop_691339501d83edbb074e035a707de688,RaRa Thomas,ncaaf,TROY,Rec Yds,35.5
prop_6913925294818cf16fa7cdc766a004c2,Ja'Cory Thomas,ncaaf,ODU,Rec Yds,53.5
prop_691303d774a5ccfff6526bc6c2f016b4,Colton Joseph,ncaaf,ODU,Pass TDs,1.5
prop_6913ce1037a1c5f86c7b1a8136e222c9,Drake Maye,nfl,NE,Pass + Rush Yds,270.5
prop_6913d2ca9303f7f041fb8fc541241fce,Breece Hall,nfl,NYJ,Rush + Rec Yds,80.5
prop_6913ac5d4942f8da76e8de660387a386,Drake Maye,nfl,NE,Pass Yds,241.5
prop_6912c4bb2a86321f4275cb77f18435c6,Breece Hall,nfl,NYJ,Rush Yds,59.5
prop_69133801df70d354b2151227dc87a816,Stefon Diggs,nfl,NE,Rec Yds,54.5
prop_69139bc590231ba3dda7fc837b5550a1,Mason Taylor,nfl,NYJ,Rec Yds,32.5
prop_69134beda0065e43b944a4129a7b07e6,Mack Hollins,nfl,NE,Rec Yds,36.5
prop_6912711083ad37cb4d16a06ac19dd654,Breece Hall,nfl,NYJ,Rush Att,16.5
prop_6912771809a0858910172fe3ef1af2be,Hunter Henry,nfl,NE,Rec Yds,33.5
prop_6913ca91418659b246c9b5bab5200644,Breece Hall,nfl,NYJ,Rec Yds,15.5
prop_691217d62ff2673da6ecc0a776b327a2,Drake Maye,nfl,NE,Pass Att,28.5
prop_6912654a110e39a4a0ea303e17068b62,Mason Taylor,nfl,NYJ,Long Rec,14.5
prop_6913ac5df6aced0636b20750ee69db9e,DeMario Douglas,nfl,NE,Rec Yds,23.5
prop_69127718a0181e5610ded1ef207f7bb1,Breece Hall,nfl,NYJ,Longest Rush,13.5
prop_69126b83624c81f1f1f53b6214acdbf7,Drake Maye,nfl,NE,Rush Yds,23.5
prop_6913b335321fab4c07d6bcf296000c13,Kyle Williams,nfl,NE,Rec Yds,20.5
prop_691250316cca4762c0814109ed1b8bd7,Stefon Diggs,nfl,NE,Long Rec,20.5
prop_691226fee61d51afac89e2fcf60cd64a,Drake Maye,nfl,NE,Pass Comp,20.5
prop_6912537da4a0a2b803efc196378be4dd,Mack Hollins,nfl,NE,Long Rec,18.5
prop_691341d975da7b10b1624d600e51d9fb,Kyle Williams,nfl,NE,Long Rec,17.5
prop_6912575136003095566c9f8e4300385b,Hunter Henry,nfl,NE,Long Rec,16.5
prop_6912c4bbc4aa124b2a4abc5f927aedc6,Drake Maye,nfl,NE,Longest Rush,11.5
prop_691269c2aa3a9528e6f3b0c2fb0157a3,Breece Hall,nfl,NYJ,Long Rec,9.5
prop_69125cdd02f0e26cba242d015bead243,Drake Maye,nfl,NE,Rush Att,5.5
prop_69125e0f8ac58e982cd7f41be26fe81f,Justin Fields,nfl,NYJ,Pass TDs,0.5
prop_691268afe4d710c883e4ace30c8ac913,Stefon Diggs,nfl,NE,Rec,4.5
prop_69133950a43dd5e25fcbb911ade71fb4,Cade Klubnik,ncaaf,CLEM,Pass Yds,261.5
prop_6913dd3ece2ee132590c66c7475e4a60,Miller Moss,ncaaf,LOU,Pass Yds,247.5
prop_6913dd3e4f4895410da53a44c83f9eae,Adam Randall,ncaaf,CLEM,Rush Yds,50.5
prop_6913dc25d31b63f66b3092354e33446b,Keyjuan Brown,ncaaf,LOU,Rush Yds,95.5
prop_6913395015c013030e3c1aa17be50fdf,Tristan Smith,ncaaf,CLEM,Rec Yds,45.5
prop_69133a5bf8172b09d8f461c8ee854da7,Chris Bell,ncaaf,LOU,Rec Yds,80.5
prop_6913610bccf94f1524e52e07c9d273a3,Adam Randall,ncaaf,CLEM,Rec Yds,19.5
prop_69133a5bf3bbe54b9da4a39f8294cdfd,Caullin Lacy,ncaaf,LOU,Rec Yds,53.5
prop_6913a672593dedd5ffca3912145d236a,Cade Klubnik,ncaaf,CLEM,Rush Yds,17.5
prop_69133d2f20cf0ed0afe36151fa4a731e,Chris Bell,ncaaf,LOU,Rec,6.5
prop_69133d2fe37771d078e8473a6ff62cf2,Tristan Smith,ncaaf,CLEM,Rec,3.5
prop_6913e7cb2844288654f2928dd8938d65,Cooper Ranvier,ncaaf,LOU,Kicking Pts,6.5
prop_6912ee3d795f9346de4ada8f65571e34,Cade Klubnik,ncaaf,CLEM,Pass TDs,1.5
prop_69133d2f42eea5f52652c7d477d291f3,Caullin Lacy,ncaaf,LOU,Rec,5.5
prop_6913ca8d23fc2583205a516448530765,Dante Moore,ncaaf,ORE,Pass Yds,199.5
prop_6913c4a6d9ed7948edddb2ffa7aeb37f,Drake Lindsey,ncaaf,MINN,Pass Yds,135.5
prop_6913c646619aa365288ef76e60b62615,Noah Whittington,ncaaf,ORE,Rush Yds,73.5
prop_6913ca8def8a5fc35b9dafaedabc9b74,Le'Meke Brockington,ncaaf,MINN,Rec Yds,22.5
prop_6913c6463b6762d887489e2ce17c3f2e,Jordon Davison,ncaaf,ORE,Rush Yds,51.5
prop_6912a28d6f67ac0364476436e0c8cc2b,Mason Heintschel,ncaaf,PITT,Pass Yds,262.5
prop_69134612f2d3d6df994f8930a75da50b,CJ Carr,ncaaf,ND,Pass Yds,250.5
prop_6912537d78cca578b97e2f382f1ebdd1,Kenny Johnson,ncaaf,PITT,Rec Yds,58.5
prop_69128640fc098b8a04876487bc98e186,Jeremiyah Love,ncaaf,ND,Rush Yds,102.5
prop_6912537d24817b973f8e71f22edf227e,Raphael Williams Jr.,ncaaf,PITT,Rec Yds,51.5
prop_6912537dc456a84d539f39866dd5eba2,Jordan Faison,ncaaf,ND,Rec Yds,62.5
prop_6912537d9c00e3faafa899624cf8d547,Desmond Reid,ncaaf,PITT,Rush Yds,38.5
prop_691297edab2f51f4b6ad4312a4ba55c2,Jadarian Price,ncaaf,ND,Rush Yds,53.5
prop_691338028cb1e700467cef48b6c35b4e,Malachi Fields,ncaaf,ND,Rec Yds,44.5
prop_6912a28d40324e77405d268168409002,Will Pauling,ncaaf,ND,Rec Yds,38.5
prop_6913c3a1f34758d3cec2f19b38ea5487,Brendan Sorsby,ncaaf,CIN,Pass Yds,231.5
prop_6913635ef38448bec681bb15d67b13e0,Noah Fifita,ncaaf,ARIZ,Pass Yds,227.5
prop_6913cf9c3f35f5a02d9efc9ebf1c60ab,Tawee Walker,ncaaf,CIN,Rush Yds,64.5
prop_69139252296725b5b9b574ac065eb377,Kris Hutson,ncaaf,ARIZ,Rec Yds,55.5
prop_6913635e4b0e650daa4d34e7ca962a8a,Cyrus Allen,ncaaf,CIN,Rec Yds,46.5
prop_6913c3a1c5abf2103d311a8e98d53888,Brendan Sorsby,ncaaf,CIN,Rush Yds,38.5
prop_6913d523d83b67f6387067fc67654fee,Bryce Underwood,ncaaf,MICH,Pass Yds,180.5
prop_6912cb3367676d7862be3ff99038e192,Preston Stone,ncaaf,NW,Pass Yds,153.5
prop_69126d607031496ddde5ad8eb0b54084,Andrew Marsh,ncaaf,MICH,Rec Yds,48.5
prop_69126d60e34c88041ed44e0cc4e6d42b,Caleb Komolafe,ncaaf,NW,Rush Yds,73.5
prop_69126d60aa1281eb7dded0653d9c2f53,Griffin Wilde,ncaaf,NW,Rec Yds,46.5
prop_6913cf9c4dd4d987fe1b3480e4eb3b4d,LaNorris Sellers,ncaaf,SCAR,Pass Yds,180.5
prop_69137759f3271345391e6d8c26fdaa18,Mario Craver,ncaaf,TXAM,Rec Yds,65.5
prop_69133d2f53d61ee8421ffd815f5fe28f,Nyck Harbor,ncaaf,SCAR,Rec Yds,39.5
prop_69137759b54017e78f870307af83ed11,Rueben Owens II,ncaaf,TXAM,Rush Yds,62.5
prop_69133d2fa97b97ffb8f86c1ff7ae0e96,Vandrevius Jacobs,ncaaf,SCAR,Rec Yds,36.5
prop_691377599eb5983dff379b1a5e9a03df,KC Concepcion,ncaaf,TXAM,Rec Yds,56.5
prop_6913635ee3d3af974d87edf35796fd75,Caleb Goodie,ncaaf,CIN,Rec Yds,35.5
prop_6913a882320129f5c9238a7ad3ea27c7,Noah Fifita,ncaaf,ARIZ,Rush Yds,8.5
prop_69138c7b84f305504f36879bf8a0b616,Michael Salgado-Medina,ncaaf,ARIZ,Kicking Pts,6.5
prop_6913635e4bfcaec925d3bfff0b3b92d2,Noah Fifita,ncaaf,ARIZ,Pass TDs,1.5
prop_69138c7b4487f60b58a7f0f4d12f052a,Noah Fifita,ncaaf,ARIZ,INT,0.5
prop_69133d2f7243d102c43f905466400b38,Rahsul Faison,ncaaf,SCAR,Rush Yds,34.5
prop_69133d2fafed9859abf77bbcb489f6d9,LaNorris Sellers,ncaaf,SCAR,Rush Yds,23.5
prop_6913511152630f138ac892e0c0dd2cb6,LaNorris Sellers,ncaaf,SCAR,Pass TDs,0.5
prop_691298f1ef776da2d3b3031cf2d09c9b,Cataurus Hicks,ncaaf,PITT,Rec Yds,33.5
prop_6913765015b63fb95594ca5ccfce5b8f,Eli Raridon,ncaaf,ND,Rec Yds,31.5
prop_6912537d3978781d738f8d102cb97c52,Desmond Reid,ncaaf,PITT,Rec Yds,33.5
prop_6912537d8fbefa1847b3c53afa627cb2,Jeremiyah Love,ncaaf,ND,Rec Yds,27.5
prop_6913430bb266d1711ecec15647a10559,Mason Heintschel,ncaaf,PITT,Rush Yds,18.5
prop_69125702b2132bef916182573b156955,Erik Schmidt,ncaaf,ND,Kicking Pts,7.5
prop_69125702da2b8603f2261f7b51f651a3,CJ Carr,ncaaf,ND,INT,0.5
prop_69126d60bba92ba8d9e46344a95a75a6,Bryce Underwood,ncaaf,MICH,Rush Yds,24.5
prop_69126d60e79cff355b3cc380bf21f75d,Hayden Eligon II,ncaaf,NW,Rec Yds,19.5
prop_69126d600bd089e1747437a9ec909d30,Hunter Welcing,ncaaf,NW,Rec Yds,17.5
prop_6912ba9e62a2178d71a07341fb78f305,Preston Stone,ncaaf,NW,Pass TDs,0.5
prop_6911f9f19f6cf8eb622a9e95143d03d4,Ty Simpson,ncaaf,ALA,Pass Yds,268.5
prop_6912ba9e3ead0d156a7e718288efc410,John Mateer,ncaaf,OKLA,Pass Yds,207.5
prop_6913db2c2f54fd38ecf82cea0e374ba9,Germie Bernard,ncaaf,ALA,Rec Yds,64.5
prop_6911f9f1778a44508d4dbc05b3b57be7,Isaiah Sategna III,ncaaf,OKLA,Rec Yds,65.5
prop_6912b7697e01539f5695df87e4b7f089,Ryan Williams,ncaaf,ALA,Rec Yds,54.5
prop_6911f9f14ef8f5a21a17887f71be9515,Deion Burks,ncaaf,OKLA,Rec Yds,34.5
prop_6911f9f105092b70ef0541bd18e6e59d,Lotzeir Brooks,ncaaf,ALA,Rec Yds,33.5
prop_6911f9f1ade5fbd30a09e7772c2d794f,John Mateer,ncaaf,OKLA,Rush Yds,26.5
prop_6913dec9b4dac10cb9d5c938a96a40a8,Isaiah Horton,ncaaf,ALA,Rec Yds,30.5
prop_6911f9f1062b992a3c3aa5b95686c4df,Jaren Kanak,ncaaf,OKLA,Rec Yds,26.5
prop_6913db2c15064f24e076f883454ab13d,Josh Cuevas,ncaaf,ALA,Rec Yds,28.5
prop_6913e7cb2c7462f071e84f379fb13e3e,Tate Sandell,ncaaf,OKLA,Kicking Pts,6.5
prop_6913e7cb16f13f19a08a81874855fc74,Conor Talty,ncaaf,ALA,Kicking Pts,6.5
prop_6911f9f1961dab03f4ae8fb6dc20f98d,Isaiah Sategna III,ncaaf,OKLA,Rec,5.5
prop_6911cdf0038a6b14649f74756c6e83d6,Ty Simpson,ncaaf,ALA,Pass TDs,1.5
prop_6913e7cbde8b73fd963cdc28f71de06a,Ty Simpson,ncaaf,ALA,INT,0.5
prop_6913aa2178190791bd1a67d8eab4f273,Ethan Grunkemeyer,ncaaf,PSU,Pass Yds,187.5
prop_6913cf9c3bf93d822451691bd3c7986c,Omari Kelly,ncaaf,MSU,Rec Yds,49.5
prop_691396fdd9166ba4a4639a1e65f2be48,Kaytron Allen,ncaaf,PSU,Rush Yds,92.5
prop_691396fd269ea2c93385c3503bc3a31a,Nicholas Singleton,ncaaf,PSU,Rush Yds,47.5
prop_691396fd1451e29572a4ec3e6c3261ca,Trebor Pena,ncaaf,PSU,Rec Yds,33.5
prop_6913aa21e77b3db6d86729d1b2192130,Kyron Hudson,ncaaf,PSU,Rec Yds,24.5
prop_6913c0045e5aff0677731fa85d261d91,Mark Gronowski,ncaaf,IOWA,Pass Yds,142.5
prop_6913ca8d5de8ac851c7086b46a29a17a,Jayden Maiava,ncaaf,USC,Pass TDs,1.5
prop_6913c3a15403fecc8d031b4c42a7e71f,Kamari Moulton,ncaaf,IOWA,Rush Yds,75.5
prop_6913c004dbb9383ecaeff40a7b7e15f8,Drew Stevens,ncaaf,IOWA,Kicking Pts,5.5
prop_6913c004a8773f4e7659b7c3a42129b6,Mark Gronowski,ncaaf,IOWA,INT,0.5
prop_691396fd8ea041df1453e9293ba15a52,Julian Sayin,ncaaf,OSU,Pass Yds,301.5
prop_6913ae63c85b3c5b5969b66b85f601fa,Nico Iamaleava,ncaaf,UCLA,Pass Yds,113.5
prop_691376504b8103189bf91d172cdc8be4,Gunner Stockton,ncaaf,UGA,Pass Yds,221.5
prop_6913832f966589912db4e5fbf1e2c482,Arch Manning,ncaaf,TEX,Pass Yds,221.5
prop_691396fd862c8cf6cf30b10b26ff9017,Jeremiah Smith,ncaaf,OSU,Rec Yds,96.5
prop_6913cd0da15ff97051620d6e9dc4ae01,Nico Iamaleava,ncaaf,UCLA,Rush Yds,28.5
prop_691396fd84058301c9fd07379ccbb2d5,Carnell Tate,ncaaf,OSU,Rec Yds,82.5
prop_69138a0f2b34ae067795e8043f8f572e,Rico Flores Jr.,ncaaf,UCLA,Rec Yds,28.5
prop_691396fd1e39970fb4695e12f926d120,Bo Jackson,ncaaf,OSU,Rush Yds,72.5
prop_69138a0f9d52d59471e7e5882afcd9b4,Kwazi Gilmer,ncaaf,UCLA,Rec Yds,24.5
prop_691396fd272ee820a6f8b013075e70c3,Max Klare,ncaaf,OSU,Rec Yds,29.5
prop_691396fda4e87b9b15c9e6fb619bb687,Jeremiah Smith,ncaaf,OSU,Rec,7.5
prop_6913b0edb23d60311b988c8520d4e262,Carnell Tate,ncaaf,OSU,Rec,4.5
prop_6913ae638e853174beec9baa8233b540,Julian Sayin,ncaaf,OSU,Pass TDs,2.5
prop_69125f724776b4766ec71f765a6fa750,Zachariah Branch,ncaaf,UGA,Rec Yds,62.5
prop_691245c7eba54da9428570c1684ed9d5,Ryan Wingo,ncaaf,TEX,Rec Yds,44.5
prop_69125f72ea69e27e87108a33e42a2744,Nate Frazier,ncaaf,UGA,Rush Yds,57.5
prop_6913aa21fbcbbb90a7fd012b373e332b,Quintrevion Wisner,ncaaf,TEX,Rush Yds,44.5
prop_69125f72085f5ff5cdeeb198efe355bf,Gunner Stockton,ncaaf,UGA,Rush Yds,27.5
prop_691245c7f21edb3a28f6ecf10626deed,DeAndre Moore Jr.,ncaaf,TEX,Rec Yds,37.5
prop_6913aa215864135ef03901a9ea414829,Dillon Bell,ncaaf,UGA,Rec Yds,24.5
prop_691245c78c782cc82420117f0fa309d0,Arch Manning,ncaaf,TEX,Rush Yds,20.5
prop_6913ae63306a50d57f499e2356fda175,Oscar Delp,ncaaf,UGA,Rec Yds,15.5
prop_691245c7b1f93a9c27d38f6f01566f08,Parker Livingstone,ncaaf,TEX,Rec Yds,17.5
prop_6913b49425b084ecbe0beec1dda9542e,Peyton Woodring,ncaaf,UGA,Kicking Pts,7.5
prop_6913b494c2f8de420eb6b0bb499468cc,Arch Manning,ncaaf,TEX,INT,0.5
prop_6913b494382c6a0c23abfa7d3ed1fc95,Gunner Stockton,ncaaf,UGA,INT,0.5
prop_6913d8f7f99b1d9bd94840c8090cc881,Jake Weinberg,ncaaf,FSU,Kicking Pts,7.5
prop_6913994a76fe388e01e39895e989c366,Tua Tagovailoa,nfl,MIA,Pass Yds,236.5
prop_691341d90a63a61d192fe3c7d6b1def8,Marcus Mariota,nfl,WAS,Pass Yds,201.5
prop_69127b92265a45916d52d52474420e36,De'Von Achane,nfl,MIA,Rush + Rec Yds,121.5
prop_6912664e79d03ee602b37f423246747d,Deebo Samuel,nfl,WAS,Rec Yds,49.5
prop_6913d89c337d7f109a101d1b62cd1e5c,Jaylen Waddle,nfl,MIA,Rec Yds,78.5
prop_6912664e3ef317ff88eed64fe87aecda,Zach Ertz,nfl,WAS,Rec Yds,40.5
prop_6912b182c7a1cb848dd8529070ca571a,De'Von Achane,nfl,MIA,Rush Yds,78.5
prop_691280c926c0436c5f0355081cee11e1,Marcus Mariota,nfl,WAS,Pass Att,27.5
prop_6912664eba0c9f75c65ccc9c58973ffb,De'Von Achane,nfl,MIA,Rec Yds,38.5
prop_6912664e6c03abacc26ec8033f9df2bd,Deebo Samuel,nfl,WAS,Long Rec,19.5
prop_691284b7f55c41be2edb0e304580d6b7,Tua Tagovailoa,nfl,MIA,Pass Att,32.5
prop_69125544bdbe8a5ff05e8fa967d605c6,Marcus Mariota,nfl,WAS,Pass Comp,17.5
prop_6912760f316af0344032b4c8c207cf7e,Jaylen Waddle,nfl,MIA,Long Rec,25.5
prop_69127110f7b82c48744000b1794c8545,Zach Ertz,nfl,WAS,Long Rec,17.5
prop_69136dfd685361f677c9e8ef338bbd6c,Malik Washington,nfl,MIA,Rec Yds,24.5
prop_6912654a2bdd12782484089b338caacb,Zach Ertz,nfl,WAS,Rec,3.5
prop_69125e0f08812d6a09ccd5c2c3af7269,Tua Tagovailoa,nfl,MIA,Pass Comp,22.5
prop_6913aade38fc091cc43fbf140e8b10cc,De'Von Achane,nfl,MIA,Longest Rush,18.5
prop_6913774905acfab3ab86f5c3e091fc30,Nick Westbrook-Ikhine,nfl,MIA,Rec Yds,17.5
prop_691268af689a82ecdff94a126461ed6a,De'Von Achane,nfl,MIA,Rush Att,16.5
prop_6912664e5ac5e92aa41e57dd549c2da4,De'Von Achane,nfl,MIA,Long Rec,14.5
prop_69136dfd71747226614067af361f5eb2,Malik Washington,nfl,MIA,Long Rec,13.5
prop_6912760fd00f1f8d7b57e63f609f7da0,Riley Patterson,nfl,MIA,Kicking Pts,7.5
prop_6912654a6dd01965d54af8dc8681260d,De'Von Achane,nfl,MIA,Rec,5.5
prop_6912760fe225c5be2aa48cf429a22814,Jaylen Waddle,nfl,MIA,Rec,5.5
prop_6912760f28a27beb0af3d41f30fe5b77,Riley Patterson,nfl,MIA,FGs,1.5
prop_691255446de141c96574f13ec14e4c67,Marcus Mariota,nfl,WAS,INT,0.5
prop_6913c190acd09c31c974a886062e97f8,Josh Allen,nfl,BUF,Pass + Rush Yds,275.5
prop_6913cf503def0bd71ecd52deb07cf59b,Baker Mayfield,nfl,TB,Pass Yds,242.5
prop_6913c19081d1f1f78a8543a32e8c3b6e,Josh Allen,nfl,BUF,Pass Yds,239.5
prop_6913bf240f4440c2df00a3d9dd5fc389,Emeka Egbuka,nfl,TB,Rec Yds,70.5
prop_6913bb91cd015e3604711e67e2a60079,James Cook III,nfl,BUF,Rush Yds,78.5
prop_6913c4f173684195c33da1b05ea4f531,Cade Otton,nfl,TB,Rec Yds,47.5
prop_6913c19006d262cb95aac84be74be56c,Khalil Shakir,nfl,BUF,Rec Yds,50.5
prop_6913c4f1589d6fda783f52abca3518ab,Tez Johnson,nfl,TB,Rec Yds,41.5
prop_6913c5f0466c6e43bff456010175536e,Keon Coleman,nfl,BUF,Rec Yds,43.5
prop_6913c4f17c2d759bf4a8cc069f1da115,Rachaad White,nfl,TB,Rush Yds,36.5
prop_6913ae7170e50b88fc011b52bd0ad039,Joe Flacco,nfl,CIN,Pass Yds,270.5
prop_69137e66dd4f5defb1a6117b69b71c42,Aaron Rodgers,nfl,PIT,Pass Yds,230.5
prop_6913bb91b378fcf1acc3d0849c18521d,Ja'Marr Chase,nfl,CIN,Rec Yds,95.5
prop_6912e2847c5155560314f5c59a5a0dc2,Jaylen Warren,nfl,PIT,Rush Yds,68.5
prop_6913bb91983e50a66d2069939a23a972,Tee Higgins,nfl,CIN,Rec Yds,59.5
prop_6913b5ca7deb51a6b2d870ccf1a8fdb4,DK Metcalf,nfl,PIT,Rec Yds,51.5
prop_6913ad6dc3e4eb248bcebed92950e276,Chase Brown,nfl,CIN,Rush Yds,49.5
prop_6912dd70cfba4fca6eb43ea9638ad564,Joe Flacco,nfl,CIN,Pass Att,38.5
prop_6913789d3a4fcaeb41d645641ff6b625,Caleb Williams,nfl,CHI,Pass + Rush Yds,256.5
prop_6913a17eb331ea3163c47f6fe5496d2d,J.J. McCarthy,nfl,MIN,Pass + Rush Yds,252.5
prop_6913c19096b8f1729b5f94de3d334f8d,Caleb Williams,nfl,CHI,Pass Yds,227.5
prop_69138586433520dfe13ddfc1561fa8b1,J.J. McCarthy,nfl,MIN,Pass Yds,225.5
prop_6913cbf3369c38cadf2a9a5fe744e494,D'Andre Swift,nfl,CHI,Rush Yds,52.5
prop_6913a54f8e260a3ff57e6a51e0ed0d16,Justin Jefferson,nfl,MIN,Rec Yds,70.5
prop_6913822048a0c5103d6f5687abffc60b,Aaron Jones Sr.,nfl,MIN,Rush Yds,49.5
prop_6913a7738cd4fe94f5ae808c812dbcd9,Jordan Addison,nfl,MIN,Rec Yds,43.5
prop_69135b3d7ad542ee09459be613c2f1a1,Justin Herbert,nfl,LAC,Pass Yds,245.5
prop_6912dd704582e746ca90f92496de9dcc,Trevor Lawrence,nfl,JAC,Pass + Rush Yds,233.5
prop_6913a9d0713e12989217a8a9e99828c3,Ladd McConkey,nfl,LAC,Rec Yds,64.5
prop_6913393745dab5a84643e3dabfbb3bd4,Trevor Lawrence,nfl,JAC,Pass Yds,210.5
prop_6912dd705a51a6b2f906e57603decc1f,Kimani Vidal,nfl,LAC,Rush Yds,63.5
prop_6912d0f470c3b576263f91dc5ab9c5d4,Travis Etienne Jr.,nfl,JAC,Rush Yds,54.5
prop_6913a30a164d58d53dc8b52faf8d54d1,Quentin Johnston,nfl,LAC,Rec Yds,54.5
prop_6912dd7023d88c381ac300eb2462793f,Parker Washington,nfl,JAC,Rec Yds,48.5
prop_6913a8d1d3b56687b129c0f50d40dfbf,Jordan Love,nfl,GB,Pass Yds,229.5
prop_6913a8d1e8fdb16e11f2816f86ee9f4b,Josh Jacobs,nfl,GB,Rush Yds,78.5
prop_69130caf0a0e139baedb7c80319ae5d4,Michael Penix Jr.,nfl,ATL,Pass Yds,228.5
prop_6913c4f1c1a20402139f1533d426aaf1,Bryce Young,nfl,CAR,Pass + Rush Yds,177.5
prop_69135f525bdd766a99f8478d7e07b0fd,Bijan Robinson,nfl,ATL,Rush + Rec Yds,112.5
prop_6913cbf38c005d2a8164dae2731b9450,Bryce Young,nfl,CAR,Pass Yds,160.5
prop_691379e1dca07b8c080808f86f9aa1b8,Drake London,nfl,ATL,Rec Yds,74.5
prop_69137e66bd9f45563b6f1ddaeff3b925,Rico Dowdle,nfl,CAR,Rush Yds,90.5
prop_69134611f502ca62dc900f179ce2eb1f,Bijan Robinson,nfl,ATL,Rush Yds,71.5
prop_69136dfde55e27b403159a8d2b0bf8ba,Tetairoa McMillan,nfl,CAR,Rec Yds,57.5
prop_691359304e29c6ff273e0f3cc5052f0a,Kyle Pitts Sr.,nfl,ATL,Rec Yds,48.5
prop_6913d89cc08dea9216e5ea8cf85d6688,Cam Ward,nfl,TEN,Pass Yds,197.5
prop_6913c3972cb94d55a2abc37924fbdf99,Woody Marks,nfl,HOU,Rush Yds,52.5
prop_69129e8c4a6fb5a7eea05dc91517bfd4,Tony Pollard,nfl,TEN,Rush Yds,39.5
prop_69129e8cf1dd849795e60ab4f00783a7,Elic Ayomanor,nfl,TEN,Rec Yds,37.5
prop_69134fe49c2e42db37b020d857fa85a8,Bijan Robinson,nfl,ATL,Rec Yds,36.5
prop_6913615097a977228119eb02966bb1d1,Bryce Young,nfl,CAR,Pass Att,28.5
prop_6913582b001039ecb1a705eba81b9888,Michael Penix Jr.,nfl,ATL,Pass Att,31.5
prop_6913cf50bca53cea20bb13e5f76795af,Jalen Coker,nfl,CAR,Rec Yds,26.5
prop_69135930c6ceecccbc62be69985dbc17,Drake London,nfl,ATL,Long Rec,23.5
prop_6913bf2481afb0bc667772f1ce7daaee,Tetairoa McMillan,nfl,CAR,Long Rec,21.5
prop_69131c4abe8bd92b5d4529c92d163263,Michael Penix Jr.,nfl,ATL,Pass Comp,19.5
prop_6913cbf37b163738e312a0a181116d60,Xavier Legette,nfl,CAR,Rec Yds,20.5
prop_6913d7b1a88c4d9c82546b347ad6be3b,Rico Dowdle,nfl,CAR,Rush Att,19.5
prop_6913c4f10a3814e3907d6c709f7d52ef,Keenan Allen,nfl,LAC,Rec Yds,36.5
prop_691361500d9d52019a032e8167e55c5f,Trevor Lawrence,nfl,JAC,Pass Att,32.5
prop_6912dd70fc1cba787183f36f6074ecc0,Justin Herbert,nfl,LAC,Pass Att,34.5
prop_6912dd7093965a052573509b8b4b3103,Trevor Lawrence,nfl,JAC,Pass Comp,19.5
prop_6912dd704bfbccf669b8aa0f28a7a120,Justin Herbert,nfl,LAC,Pass Comp,23.5
prop_6912d20c9e2fd8ace2d9af18eb6576ea,Ladd McConkey,nfl,LAC,Long Rec,21.5
prop_6912dd70250ac7872dd992d6800e3ead,Quentin Johnston,nfl,LAC,Long Rec,20.5
prop_6913bf24c9b0037fd76c55b5ca7de666,Baker Mayfield,nfl,TB,Pass Att,35.5
prop_6913ba1578a55bcf7e3af0814575ecd7,Josh Allen,nfl,BUF,Rush Yds,31.5
prop_6913bf24f8a15ec9a1113e71cb8bfaca,Emeka Egbuka,nfl,TB,Long Rec,24.5
prop_6913bd9e20738f5ccc9ea10d72c7c253,Josh Allen,nfl,BUF,Pass Att,31.5
prop_6913cbf3f7c446947ede21735547d1fd,Sterling Shepard,nfl,TB,Rec Yds,23.5
prop_6913bd9ef3799745130dd91c5228563b,Josh Allen,nfl,BUF,Pass Comp,21.5
prop_6913bd9e97735e6495be8dfed567eb4d,Baker Mayfield,nfl,TB,Pass Comp,22.5
prop_6913bf24b33ef9b2051d3a12ca8ee97a,Khalil Shakir,nfl,BUF,Long Rec,20.5
prop_6913c4f18c3a90b79418314e98b4a8e0,Tez Johnson,nfl,TB,Long Rec,19.5
prop_6913c4f1438356a42ea28acbf1109929,Keon Coleman,nfl,BUF,Long Rec,19.5
prop_69137749c3186dd67624b602f3cdc5d0,Chimere Dike,nfl,TEN,Rec Yds,33.5
prop_6913774992af44e855017b7809f9f123,Woody Marks,nfl,HOU,Rec Yds,19.5
prop_6912a5fdd98dc5be0b7d3a40f9be1a0e,Chig Okonkwo,nfl,TEN,Rec Yds,28.5
prop_6912dd7080d895f501e1b7fdb15b95cb,Aaron Rodgers,nfl,PIT,Pass Att,33.5
prop_6913c4f1383c7bf25bff7c69634a87c0,Noah Fant,nfl,CIN,Rec Yds,27.5
prop_6912dd7060f70b8b66f23fb2207653e1,Calvin Austin III,nfl,PIT,Rec Yds,32.5
prop_6912d3b6027e22e6edbd79a6f3c25612,Ja'Marr Chase,nfl,CIN,Long Rec,26.5
prop_6913c4f19d9aba0660eb3c81502e4b8c,Pat Freiermuth,nfl,PIT,Rec Yds,24.5
prop_6913667d631f15baeb65cb0e025b2892,Joe Flacco,nfl,CIN,Pass Comp,25.5
prop_6912dd70a6e33312ffe40b8fdb6bdd3f,Aaron Rodgers,nfl,PIT,Pass Comp,23.5
prop_6913c4f15b36f1b0fcba766a638360cc,Andrei Iosivas,nfl,CIN,Rec Yds,24.5
prop_6912d20c4f366c033e759f6859611708,DK Metcalf,nfl,PIT,Long Rec,21.5
prop_6912d4a1c14d11f4557008ccf16d213d,Tee Higgins,nfl,CIN,Long Rec,22.5
prop_6913c4f16b9f8c44b8a83c684aa3f8b4,Jonnu Smith,nfl,PIT,Rec Yds,21.5
prop_6913ae71c1af4ba9811d0f232c8c449d,Chase Brown,nfl,CIN,Rec Yds,21.5
prop_6912dd70c8b92dcc8f431413458fd812,Caleb Williams,nfl,CHI,Pass Att,33.5
prop_6913a17e484d52d981a6d4ac0a6de790,J.J. McCarthy,nfl,MIN,Pass Att,32.5
prop_691394a41cf54ed67fcfa17667bda451,Caleb Williams,nfl,CHI,Rush Yds,24.5
prop_691387b1e791f1c93c4c66b44b747639,Jordan Mason,nfl,MIN,Rush Yds,29.5
prop_6912dd70917e9dd80c901c999c4b74f6,Caleb Williams,nfl,CHI,Pass Comp,20.5
prop_69139f214425d427aaa0fe057303f6fa,T.J. Hockenson,nfl,MIN,Rec Yds,29.5
prop_691387b14966f7682e1488730f73e23a,Jalen Nailor,nfl,MIN,Rec Yds,26.5
prop_69138220117be1a5d2d35d0f9c421a9d,J.J. McCarthy,nfl,MIN,Rush Yds,23.5
prop_691387b1fc2cb22c46d9c863a7366589,Aaron Jones Sr.,nfl,MIN,Rec Yds,20.5
prop_6912dd70a5791df1dabc6cbabe6425bb,Parker Washington,nfl,JAC,Long Rec,19.5
prop_6913c4f1782270485529ae7499399de7,Keenan Allen,nfl,LAC,Long Rec,16.5
prop_69136052986633130a823b14498f7a53,Trevor Lawrence,nfl,JAC,Rush Yds,17.5
prop_6912dd70a5a40d323573df2d444aa297,Kimani Vidal,nfl,LAC,Longest Rush,14.5
prop_6913cbf35eddbc5eca3ba0b12380e9b7,Bhayshul Tuten,nfl,JAC,Rush Yds,16.5
prop_6912dd704a599a044fdc79804a5abf53,Kimani Vidal,nfl,LAC,Rec Yds,9.5
prop_6912dd70d25da87463635066cdaa9c5a,Travis Etienne Jr.,nfl,JAC,Rec Yds,15.5
prop_6912cfbf298e2c1336dba532d2c7fed5,Travis Etienne Jr.,nfl,JAC,Longest Rush,13.5
prop_6912d0f41f7987cdaced23fc7e6ece6e,Trevor Lawrence,nfl,JAC,Longest Rush,9.5
prop_6912dd706f9cf82a1c0eec535882bb44,Travis Etienne Jr.,nfl,JAC,Long Rec,9.5
prop_6913bc8be950ab58e369f924fba82bf4,Jaylen Warren,nfl,PIT,Rec Yds,18.5
prop_6913c4f1367f834dbb254b83258717f8,Noah Fant,nfl,CIN,Long Rec,13.5
prop_6912dd709a68d347158090c46f968d76,Calvin Austin III,nfl,PIT,Long Rec,17.5
prop_6913c4f193ba4c6d0e4dfea93a4db756,Andrei Iosivas,nfl,CIN,Long Rec,13.5
prop_6912d0f437bd8ab69c5151df83479750,Jaylen Warren,nfl,PIT,Longest Rush,14.5
prop_6912dd70631eb0a4bd72bd200011ec4c,Chase Brown,nfl,CIN,Longest Rush,12.5
prop_6913c5f0e5cbba8cd6aff30aafe3a01a,Pat Freiermuth,nfl,PIT,Long Rec,13.5
prop_6913b6c8928058ddfb9515087c8384d1,Chase Brown,nfl,CIN,Rush Att,12.5
prop_6913c4f166025fc331cc2146691539a0,Jonnu Smith,nfl,PIT,Long Rec,12.5
prop_6912dd70c164b50032854fbe4ee9ce33,Jaylen Warren,nfl,PIT,Long Rec,11.5
prop_6912d83e5a75bd19969b348e52d4ae7b,Chris Boswell,nfl,PIT,Kicking Pts,8.5
prop_691351ec847c380648a6bc89f590303c,Kyle Pitts Sr.,nfl,ATL,Long Rec,18.5
prop_6913cbf3844d12094edf7cb4012e103b,Ja'Tavion Sanders,nfl,CAR,Rec Yds,17.5
prop_6913461101cba86080f85a5c70e3a98d,Bijan Robinson,nfl,ATL,Rush Att,15.5
prop_69131c4ad7785d7ce66e7eb2ea8c801d,Bryce Young,nfl,CAR,Pass Comp,17.5
prop_69135b3d872282c6715378a101b4e62d,Bijan Robinson,nfl,ATL,Longest Rush,15.5
prop_69135d811fbc76919719428b6274e379,Rico Dowdle,nfl,CAR,Longest Rush,16.5
prop_69134bedb66fba1c6e87209b21a0db77,Bijan Robinson,nfl,ATL,Long Rec,14.5
prop_69136dfdc524ea4a1324f0e94cc1d345,Rico Dowdle,nfl,CAR,Rec Yds,15.5
prop_69136dfdf8ac7d028aeb53f6d234dd28,Zane Gonzalez,nfl,ATL,Kicking Pts,7.5
prop_6913cbf3625a113ead533c76d1d9e5ce,Jalen Coker,nfl,CAR,Long Rec,14.5
prop_6913cbf39c25e3ca40fb030453c60daf,Xavier Legette,nfl,CAR,Long Rec,12.5
prop_6913cbf3451f1f9751ed09eafd8e3eda,Ja'Tavion Sanders,nfl,CAR,Long Rec,11.5
prop_69136dfdda5509d25cd46990ea2e4203,Rico Dowdle,nfl,CAR,Long Rec,9.5
prop_6913c190a23c5c6e0c9225ddf82c563a,Cade Otton,nfl,TB,Long Rec,17.5
prop_6913ba15209cdf4bec2b49506003f4d6,James Cook III,nfl,BUF,Longest Rush,15.5
prop_6913c4f12763f674f45c018c1954b5fe,Rachaad White,nfl,TB,Longest Rush,9.5
prop_6913ba15a76bfcd1e2a851384d8f0632,Josh Allen,nfl,BUF,Longest Rush,13.5
prop_691377495094e907786d3792df2b6cbc,Chimere Dike,nfl,TEN,Long Rec,17.5
prop_691377498ad9b36283ddea27defa126f,Woody Marks,nfl,HOU,Longest Rush,13.5
prop_69129e8c1f6314ce8a1fbe4105792a2f,Elic Ayomanor,nfl,TEN,Long Rec,17.5
prop_69137749e2cb63cdc7b37e274faccea4,Woody Marks,nfl,HOU,Long Rec,11.5
prop_6912a5fdd4f87a24db21b38c65db0745,Chig Okonkwo,nfl,TEN,Long Rec,14.5
prop_691396ed1db4418c530aa61217bacb68,Tony Pollard,nfl,TEN,Rec Yds,11.5
prop_69129e8ca23964b41ab5f02e67f27deb,Tony Pollard,nfl,TEN,Longest Rush,10.5
prop_69129e8cdc055b13193f7f8f0d7da022,Tony Pollard,nfl,TEN,Long Rec,8.5
prop_6913a8d145b863911e6bac5f20a7660c,Josh Jacobs,nfl,GB,Longest Rush,15.5
prop_6913cbf3e23fb89fac84c17051abc9c0,D'Andre Swift,nfl,CHI,Longest Rush,14.5
prop_6912d0f41a89e48eb3e21d1c32cc9184,Caleb Williams,nfl,CHI,Longest Rush,11.5
prop_6913cbf377f9be77cae800f408533179,Cairo Santos,nfl,CHI,Kicking Pts,7.5
prop_6913c6fe1ca172fefc2a379f004eb0f1,Will Reichard,nfl,MIN,Kicking Pts,7.5
prop_6913c6feaa4653a83f8e9b1347b6b1fc,Cairo Santos,nfl,CHI,FGs,1.5
prop_6912dd7070a5b877e776da46b437849b,Caleb Williams,nfl,CHI,INT,0.5
prop_6913c6fe66b26fd4406163c3a5562615,Cameron Dicker,nfl,LAC,Kicking Pts,7.5
prop_6912c1b4c4b5718555001c04c69321c0,Cam Little,nfl,JAC,Kicking Pts,7.5
prop_6912c0b9ab4b9882b6f4b90ab5599d0c,Tuli Tuipulotu,nfl,LAC,Sacks,0.5
prop_6912c0b9b75bd1190ef8faa4485bcc5c,Josh Hines-Allen,nfl,JAC,Sacks,0.5
prop_6913bc8b3c492457798f72ce8d0e83ca,Chase McLaughlin,nfl,TB,Kicking Pts,6.5
prop_6913c190a89644ab1124c51ffb46023f,Chase McLaughlin,nfl,TB,FGs,1.5
prop_6913b3352e921cbc724c66ee823702e4,Baker Mayfield,nfl,TB,Pass TDs,1.5
prop_6913c190a560270b6fc4918269b6f8e5,Baker Mayfield,nfl,TB,INT,0.5
prop_6912e28409ffc3670c5aae93d4168fab,Evan McPherson,nfl,CIN,Kicking Pts,6.5
prop_6913b43e50b0c7d8858bbc920555d54b,T.J. Watt,nfl,PIT,Sacks,0.5
prop_6913b6c8788aa0c5ac82b8f92a24fe7a,Chase Brown,nfl,CIN,Rec,3.5
prop_6912d83ed858bed5d074a9607941f406,Evan McPherson,nfl,CIN,FGs,1.5
prop_6912db6c936ccb9db2eea97064c37333,Joe Flacco,nfl,CIN,INT,0.5
prop_6913c4f129fe4d90f9898a7a7e412e3d,Bryce Young,nfl,CAR,Rush Yds,6.5
prop_691360520f3cb53722fc5613e1b68997,Kyle Pitts Sr.,nfl,ATL,Rec,4.5
prop_6913c4f137651ac26e1b7170a159dc5c,Ryan Fitzgerald,nfl,CAR,Kicking Pts,6.5
prop_69134bed4b524acd41423dd8f74e1698,Bijan Robinson,nfl,ATL,Rec,4.5
prop_69135f52e4f6d62b11d134965a7cb663,Tetairoa McMillan,nfl,CAR,Rec,4.5
prop_69136dfd3c736504c1b8fbc4d285a580,Bryce Young,nfl,CAR,Rush Att,2.5
prop_69131c4ac0f6dd2ec7caef5733c67ee7,Bryce Young,nfl,CAR,INT,0.5
prop_691298d847129c08d7913a7ba07a2987,Joey Slye,nfl,TEN,Kicking Pts,5.5
prop_6913a3df4287bccca3c1db84e49c7e2f,Joey Slye,nfl,TEN,FGs,1.5
prop_6913a8d1c546f98d752e14b7174b43f9,Jordan Love,nfl,GB,INT,0.5
prop_6913705697fb0daa411cd8a25fb9e038,Jacoby Brissett,nfl,ARI,Pass + Rush Yds,263.5
prop_691371956d9243b1361146131e52b07c,Mac Jones,nfl,SF,Pass + Rush Yds,257.5
prop_69137056dafad781fa0a37d31795f21d,Jacoby Brissett,nfl,ARI,Pass Yds,245.5
prop_6913719536652b09a332ff72546a4561,Mac Jones,nfl,SF,Pass Yds,247.5
prop_6912a3775a542b2a02f0a12c672f46c6,Trey McBride,nfl,ARI,Rec Yds,71.5
prop_69129e8c62bf17cca37bb1be6a14088e,Christian McCaffrey,nfl,SF,Rush Yds,72.5
prop_6912a07192b84e23a88b2edfa544677d,Marvin Harrison Jr.,nfl,ARI,Rec Yds,56.5
prop_69129e8cbc215bef3b86fa8b7b6a0149,Christian McCaffrey,nfl,SF,Rec Yds,54.5
prop_6913774946dcd1c861aad3bdd8981aab,Bam Knight,nfl,ARI,Rush Yds,33.5
prop_6912c2d1dd18a1a77c5aedd40b18e2e3,Matthew Stafford,nfl,LA,Pass Yds,260.5
prop_69139cd839811eb71917a24c0d89a1bc,Sam Darnold,nfl,SEA,Pass Yds,250.5
prop_69139f2114934f8330e283ae10694ebc,Puka Nacua,nfl,LA,Rec Yds,88.5
prop_6912d6c32b4f22c30d0f419a36e88f17,Jaxon Smith-Njigba,nfl,SEA,Rec Yds,100.5
prop_69138b62692a7e5aa4096baa385ce59e,Kyren Williams,nfl,LA,Rush Yds,62.5
prop_69139396c428b10c3c4adb572e9cab40,Kenneth Walker III,nfl,SEA,Rush Yds,44.5
prop_691260d9ff2cfb62a7887077a66e889f,Davante Adams,nfl,LA,Rec Yds,61.5
prop_6913924263e1a2f383a9d728a5201a50,Zach Charbonnet,nfl,SEA,Rush Yds,34.5
prop_69124aaedbcc5a2560391ec5e9df79c6,Matthew Stafford,nfl,LA,Pass Att,35.5
prop_69139f2154101e603eff99e82c4ba691,Rashid Shaheed,nfl,SEA,Rec Yds,32.5
prop_69139396746675a0d7c20c86a8ca3de3,Blake Corum,nfl,LA,Rush Yds,27.5
prop_6912cfbfde4a99aafd648283bb11bf96,Cooper Kupp,nfl,SEA,Rec Yds,29.5
prop_6912c0b9d697561a6d76d495126e9540,Puka Nacua,nfl,LA,Long Rec,25.5
prop_691348cf96ca7c1e05646927c0aebf51,Sam Darnold,nfl,SEA,Pass Att,29.5
prop_6912c6bb4012458e7fd96ca658df258e,Jaxon Smith-Njigba,nfl,SEA,Long Rec,28.5
prop_691248f12d9b0b19cbb8b31675c19de3,Matthew Stafford,nfl,LA,Pass Comp,23.5
prop_691395d071978cfce448dc4bfd589eb1,AJ Barner,nfl,SEA,Rec Yds,22.5
prop_691261eb39325161923051b533a3c5d2,Davante Adams,nfl,LA,Long Rec,22.5
prop_69139dff771b6978deadb23e871b7173,Sam Darnold,nfl,SEA,Pass Comp,20.5
prop_691394a448ff41bb1985adb852373361,Tyler Higbee,nfl,LA,Rec Yds,21.5
prop_6912664e32c59101991868eb875d65d4,Rashid Shaheed,nfl,SEA,Long Rec,18.5
prop_6912cfbf6e29736358f1548fbf4fe59e,Kyren Williams,nfl,LA,Longest Rush,13.5
prop_691341d96955eaf0b0f09dc5ffb68bc1,Cooper Kupp,nfl,SEA,Long Rec,16.5
prop_6912cfbf107d4118434c2009842f7ff8,Tyler Higbee,nfl,LA,Long Rec,12.5
prop_691341d997123fd1aa1587a14f61f3bb,AJ Barner,nfl,SEA,Long Rec,13.5
prop_69133801fa8165a920d5c8e31953f599,Kyren Williams,nfl,LA,Rec Yds,12.5
prop_6912d0f448923659dbe43d0c7b489035,Kenneth Walker III,nfl,SEA,Longest Rush,12.5
prop_6913994aa6e250922a54d19fc2452cfa,Blake Corum,nfl,LA,Longest Rush,10.5
prop_6912dd703448cb19175d4960a45f92d3,Zach Charbonnet,nfl,SEA,Longest Rush,10.5
prop_6912cfbf3b2906df1e239021730923d8,Kyren Williams,nfl,LA,Long Rec,8.5
prop_6912e16cc546be5e4f1b23cdae493a84,Jaxon Smith-Njigba,nfl,SEA,Rec,7.5
prop_691261eb1a9449ea862c577ed92ba66c,Puka Nacua,nfl,LA,Rec,7.5
prop_6913cbf313e003c63e6119a3c7eb38fb,Jason Myers,nfl,SEA,Kicking Pts,7.5
prop_6913afca7d859cf28ba7c4513a535b50,Matthew Stafford,nfl,LA,Rush Att,1.5
prop_69124aae4c48bc03b605f28e52abc27e,Sam Darnold,nfl,SEA,Pass TDs,1.5
prop_6912c4bb3cbbb5d9786a66d25b384ae4,Sam Darnold,nfl,SEA,INT,0.5
prop_6912a07155c466ded9e36cd72cd45f3a,Marvin Harrison Jr.,nfl,ARI,Long Rec,21.5
prop_69129d50e0658d1a97b4265e23c67f72,Christian McCaffrey,nfl,SF,Long Rec,17.5
prop_6912a071094432c97c4dab2d49167d65,Trey McBride,nfl,ARI,Long Rec,20.5
prop_69129d50d32093890fa92693d4ed2766,Christian McCaffrey,nfl,SF,Longest Rush,14.5
prop_69137056617c7f96bd00b1e03f2ec5d3,Jacoby Brissett,nfl,ARI,Rush Yds,14.5
prop_691370569015c3d025a9bd025d0cf10a,Mac Jones,nfl,SF,Rush Yds,7.5
prop_69137749cfb14ea086ec3c637c95cd24,Bam Knight,nfl,ARI,Rec Yds,13.5
prop_69125959878b39f575295c4c155fadf0,Eddy Pineiro,nfl,SF,FGs,1.5
prop_69137749fb9449a41c4946e2db493271,Bam Knight,nfl,ARI,Longest Rush,9.5
prop_69125e0f8e69767020a3fbc201ad39cb,Mac Jones,nfl,SF,Pass TDs,1.5
prop_6913774994ee5e051676da008500e975,Bam Knight,nfl,ARI,Long Rec,9.5
prop_691370560b33f93dcce7d3e0aad15c7b,Jacoby Brissett,nfl,ARI,Longest Rush,8.5
prop_69125e0f0f276fedce9814ed0e3bfc42,Jacoby Brissett,nfl,ARI,Pass TDs,1.5
prop_69126b831471edb12a4833b3c7f88c6b,Chad Ryland,nfl,ARI,FGs,1.5
prop_69137056d96883aa741b42ce6f074abf,Jacoby Brissett,nfl,ARI,INT,0.5
prop_6913bf24bad7a86059433d1dd4048b7e,Patrick Mahomes,nfl,KC,Pass + Rush Yds,291.5
prop_6913c19026458578a2a235d4faef3c31,Bo Nix,nfl,DEN,Pass + Rush Yds,253.5
prop_6913c1904712a94b8e443a110f6446ce,Patrick Mahomes,nfl,KC,Pass Yds,261.5
prop_6913ac5d70204b26e48b1c0dc1eeec83,Bo Nix,nfl,DEN,Pass Yds,219.5
prop_691260d9ee9f94d1a6dfbca40d7ca5dc,Rashee Rice,nfl,KC,Rec Yds,73.5
prop_691260d918d6ddcd29a841238d840819,Courtland Sutton,nfl,DEN,Rec Yds,49.5
prop_6913d51832f39685bbb865384a3ba63f,Travis Kelce,nfl,KC,Rec Yds,45.5
prop_6913c4f1fb76834b015458bf5243c7f3,Kareem Hunt,nfl,KC,Rush Yds,42.5
prop_6913bb919994fa47c6563300421d75fe,Xavier Worthy,nfl,KC,Rec Yds,40.5
prop_691396ede16bec8358aff33edae36f68,Lamar Jackson,nfl,BAL,Pass Yds,210.5
prop_6913a54f9c7d82bc1533e51373a635c2,Dillon Gabriel,nfl,CLE,Pass Yds,188.5
prop_6913994a6376e37ba999a9c5e731d30c,Zay Flowers,nfl,BAL,Rec Yds,60.5
prop_691392428a6fea9c9adbca003c7c38c2,Quinshon Judkins,nfl,CLE,Rush Yds,66.5
prop_69139242ea02b4ab238a26d14cec89cd,Jerry Jeudy,nfl,CLE,Rec Yds,43.5
prop_69139cd803fba86d15615a84be2a81a0,Troy Franklin,nfl,DEN,Rec Yds,40.5
prop_69128d486e7d8d714e10526f7b933db7,Patrick Mahomes,nfl,KC,Pass Att,35.5
prop_691284b7e218306ba3dec86aa114a2bd,Bo Nix,nfl,DEN,Pass Att,33.5
prop_6913c29974d346f6ffb644c099431411,Patrick Mahomes,nfl,KC,Rush Yds,25.5
prop_6913ba15639e970438134bc861627263,Evan Engram,nfl,DEN,Rec Yds,24.5
prop_6913ac5dd5bd636875e4bf9513c07038,Patrick Mahomes,nfl,KC,Pass Comp,23.5
prop_6913b7d1becd541ee6425cc495bfa472,Bo Nix,nfl,DEN,Rush Yds,23.5
prop_6913a17ecb6c051bd51ac373036b21cf,Rashee Rice,nfl,KC,Long Rec,23.5
prop_691282b9df7beabc6dce283c20975877,Courtland Sutton,nfl,DEN,Long Rec,21.5
prop_6913ac5dc709c460c8caa20feb2f43b3,Hollywood Brown,nfl,KC,Rec Yds,21.5
prop_69124aaeb0358d1e4af8524a99db0d83,Bo Nix,nfl,DEN,Pass Comp,21.5
prop_69139396e0fe5b169fd13e9044045af5,Travis Kelce,nfl,KC,Long Rec,18.5
prop_69139ab26ddb71fd4ad9b4e1fc94f66b,Troy Franklin,nfl,DEN,Long Rec,18.5
prop_6913a8d1a4a68c0944a3c131614a27ba,Xavier Worthy,nfl,KC,Long Rec,18.5
prop_6912906c69740ab843142dfb2d4a0538,Evan Engram,nfl,DEN,Long Rec,12.5
prop_691341d9259530aeb2f3e1d74d87323b,Hollywood Brown,nfl,KC,Long Rec,13.5
prop_69139ab2072b555ba09b49c11252e9f2,Bo Nix,nfl,DEN,Longest Rush,11.5
prop_69128f50dba7c4abb9b225ff7f440347,Patrick Mahomes,nfl,KC,Longest Rush,12.5
prop_6913c6fe5914b2854076d088eed02aeb,Wil Lutz,nfl,DEN,Kicking Pts,6.5
prop_6912906c9ad0b81304b15a5d55b29a27,Kareem Hunt,nfl,KC,Rush Att,12.5
prop_6913c6fecea82e21d7e673dc39b0cbaf,Wil Lutz,nfl,DEN,FGs,1.5
prop_6913a17e64d427ebaf164ecffce77495,Kareem Hunt,nfl,KC,Longest Rush,10.5
prop_6913ac5d874feb17188238ca129889b9,Rashee Rice,nfl,KC,Rush Yds,8.5
prop_6913c6fe89ed8d3a62beefa0cf678183,Harrison Butker,nfl,KC,Kicking Pts,7.5
prop_6912e16c7d430fb788658cdd671db58f,Rashee Rice,nfl,KC,Rec,6.5
prop_6913c88493e7d4ccdcbd5a899e7d779f,Kareem Hunt,nfl,KC,Rec Yds,6.5
prop_6912906cf334cf76234c01586d8bfbd4,Patrick Mahomes,nfl,KC,Rush Att,4.5
prop_691284b79199ecc5fcad8d14161fd320,Xavier Worthy,nfl,KC,Rec,3.5
prop_69124aae57397ec809e939f6c0491024,Patrick Mahomes,nfl,KC,Pass TDs,1.5
prop_69124aae19256c0abe3888c99c99a6bb,Patrick Mahomes,nfl,KC,INT,0.5
prop_691396ed9348894eb144634ae322f21f,Mark Andrews,nfl,BAL,Rec Yds,29.5
prop_69139242d4097e2704cab8eff4683780,Jerry Jeudy,nfl,CLE,Long Rec,17.5
prop_691395d0390685825cfe33ab2e0aeb0c,Zay Flowers,nfl,BAL,Long Rec,23.5
prop_69139242858fbb1dc500110a84299752,Quinshon Judkins,nfl,CLE,Longest Rush,14.5
prop_691392424b30e6255279fab80f7f5d5f,Mark Andrews,nfl,BAL,Long Rec,15.5
prop_6913a54fe39862c94b7bba4d94546215,Andre Szmyt,nfl,CLE,Kicking Pts,5.5
prop_6913a06b77cebccb8aea07f4402f94c5,Tyler Loop,nfl,BAL,Kicking Pts,7.5
prop_6913b0e2616d76fa776a0db7536cddb9,Tyler Loop,nfl,BAL,FGs,1.5
prop_69139396e77ad3dabe7184243a492eaf,Lamar Jackson,nfl,BAL,Pass TDs,1.5
prop_6913a9d022a3b319befb71ce6e7583a5,Jared Goff,nfl,DET,Pass Yds,243.5
prop_6913aade4412601a2d98fcd151f369bf,Jalen Hurts,nfl,PHI,Pass + Rush Yds,238.5
prop_6913e83f1aae045686c3ca4d0cab60af,Jahmyr Gibbs,nfl,DET,Rush + Rec Yds,89.5
prop_6913d2ca485c97920136107da54574ba,Jalen Hurts,nfl,PHI,Pass Yds,204.5
prop_6913db44fb78da1ed9d49a78fe23d747,Amon-Ra St. Brown,nfl,DET,Rec Yds,77.5
prop_6913b0e2b0c12d61c54e796328b44183,Saquon Barkley,nfl,PHI,Rush + Rec Yds,93.5
prop_691395d0654f224bc27a685a1d0cf774,Jahmyr Gibbs,nfl,DET,Rush Yds,63.5
prop_691395d000779fb66e17c969701c7b92,Saquon Barkley,nfl,PHI,Rush Yds,72.5
prop_6913a54f03b37c0d4c92205bb66bc68f,Jameson Williams,nfl,DET,Rec Yds,48.5
prop_6913a3df602bf383852cb562e0908ac9,DeVonta Smith,nfl,PHI,Rec Yds,57.5
prop_6913a3df1640fe2ec63269c79c00356c,A.J. Brown,nfl,PHI,Rec Yds,54.5
prop_691395d0c03661b890e6782e91e40402,David Montgomery,nfl,DET,Rush Yds,41.5
prop_6913a3df75b3c5b99e38f480f7cc86ed,Dallas Goedert,nfl,PHI,Rec Yds,37.5
prop_6913d7b1e64711233cc6bc7cbbc3f651,Sam LaPorta,nfl,DET,Rec Yds,40.5
prop_69139ab2ae97087142d48feab2207e39,Jalen Hurts,nfl,PHI,Rush Yds,27.5
prop_691394a48f2f2745d02bbe52d99253e1,Jared Goff,nfl,DET,Pass Att,32.5
prop_691391209bb55ef0eb7ca9fb2de5a767,Jalen Hurts,nfl,PHI,Pass Att,26.5
prop_6913a30a3db7cec5d0a8bd46be39cf2d,Amon-Ra St. Brown,nfl,DET,Long Rec,22.5
prop_6913a3dfabdfcc34cc471f4b22248e4c,DeVonta Smith,nfl,PHI,Long Rec,22.5
prop_6913924270a3353c2d4fbf3134b1bda8,Jared Goff,nfl,DET,Pass Comp,22.5
prop_6913a3df0e32a1cc5c6532d600455766,A.J. Brown,nfl,PHI,Long Rec,22.5
prop_6913a54f80fa3d1cb3081a0d710676ee,Jahmyr Gibbs,nfl,DET,Rec Yds,21.5
prop_6913b0e2cc3c5603b358ef6892da4a7d,Saquon Barkley,nfl,PHI,Rush Att,17.5
prop_6913ae71c48aef3b0e9ae3b269922267,Jameson Williams,nfl,DET,Long Rec,21.5
prop_69139120260810cadbc0a9fc2310a8d2,Jalen Hurts,nfl,PHI,Pass Comp,17.5
prop_6913a66782748b22356d87dbd2f181ee,Sam LaPorta,nfl,DET,Long Rec,16.5
prop_6913ac5dadd82d122b477acc40085210,Dallas Goedert,nfl,PHI,Long Rec,16.5
prop_6913ad6d8a0d31fffcfa3b93fedf6e93,Jahmyr Gibbs,nfl,DET,Rush Att,13.5
prop_6913a667325116ffddb81db0b5ea0528,Saquon Barkley,nfl,PHI,Rec Yds,16.5
prop_6913ac5d5bc6345c3a690df1000736fa,Jahmyr Gibbs,nfl,DET,Long Rec,11.5
prop_69139841b090f7a39014c12969ad3a11,Saquon Barkley,nfl,PHI,Longest Rush,15.5
prop_6913a9d0968b8fd9753a2364e89a25a0,David Montgomery,nfl,DET,Rush Att,10.5
prop_69139f2149e9bfeecaafe36e17a210d3,Jalen Hurts,nfl,PHI,Longest Rush,12.5
prop_69139f213d26bf6c619f8362c8c76bac,David Montgomery,nfl,DET,Longest Rush,10.5
prop_6913b0e2881233e5dcf864bff54aaa41,Jalen Hurts,nfl,PHI,Rush Att,6.5
prop_6913afca8d3032ba1a69c6e6089fecfe,David Montgomery,nfl,DET,Rec Yds,8.5
prop_6913a3df9cf7a8039563cef8e1146cd3,DeVonta Smith,nfl,PHI,Rec,4.5
prop_6913a3dfa5f541cf12a7d710cd3d89d8,Amon-Ra St. Brown,nfl,DET,Rec,7.5
prop_6913a773a7522169ae21be04f8ad574c,Jalen Hurts,nfl,PHI,Pass TDs,1.5
prop_6913d7b11e48ed2d2ee0905605c9d08b,Jahmyr Gibbs,nfl,DET,Rec,3.5
prop_6913afca107173a74e942580bc77705a,Jake Elliott,nfl,PHI,FGs,1.5
prop_6913afca58d9fb2727ed057644855555,Jared Goff,nfl,DET,Pass TDs,1.5
